Naherholung;Gärten-genießen
Gärten-genießen;Friedhöfe-in-Hannover
Friedhöfe-in-Hannover;Die-Friedhöfe-der-Landeshauptstadt-Hannover
Die-Friedhöfe-der-Landeshauptstadt-Hannover;Aufgelassene-entwidmete-Friedhöfe
Aufgelassene-entwidmete-Friedhöfe;Gartenfriedhof
Aufgelassene-entwidmete-Friedhöfe;Neustädter-Friedhof
Aufgelassene-entwidmete-Friedhöfe;Sankt-Nikolai-Friedhof
Die-Friedhöfe-der-Landeshauptstadt-Hannover;Ehrengräber-auf-den-Friedhöfen-der-Landeshauptstadt-Hannover
Die-Friedhöfe-der-Landeshauptstadt-Hannover;Stadtfriedhof-Engesohde
Die-Friedhöfe-der-Landeshauptstadt-Hannover;Stadtfriedhof-Lahe
Die-Friedhöfe-der-Landeshauptstadt-Hannover;Stadtfriedhof-Ricklingen
Stadtfriedhof-Ricklingen;Die-Räume-der-Stille
Die-Friedhöfe-der-Landeshauptstadt-Hannover;Stadtfriedhof-Seelhorst
Die-Friedhöfe-der-Landeshauptstadt-Hannover;Stadtfriedhof-Stöcken
Stadtfriedhof-Stöcken;"Projekt-""Ökologische-Nische-Friedhof"""
Friedhöfe-in-Hannover;Friedhofsverwaltung-in-Hannover
Friedhofsverwaltung-in-Hannover;Formulare-und-Vordrucke-der-Friedhofsverwaltung
Friedhofsverwaltung-in-Hannover;Grabarten-und-Grabpflege
Grabarten-und-Grabpflege;Multikulturelle-Bestattungen-auf-den-Friedhöfen-der-Stadt-Hannover
Grabarten-und-Grabpflege;Wichtige-Informationen-über-Reihengräber
Friedhofsverwaltung-in-Hannover;Informationen-für-Gewerbetreibende
Friedhofsverwaltung-in-Hannover;Ratgeber-bei-Sterbefällen
Friedhöfe-in-Hannover;Veranstaltungen-auf-den-städtischen-Friedhöfen-in-Hannover
Gärten-genießen;Gartenregion
Gartenregion;Broschüren-der-Gartenregion
Gartenregion;Das-Grüne-liegt-so-nah
Das-Grüne-liegt-so-nah;Amtspark-Burgwedel
Das-Grüne-liegt-so-nah;Deister-Freilichtbühne
Das-Grüne-liegt-so-nah;Der-Hermannshof
Das-Grüne-liegt-so-nah;Klosterstollen-und-Zechenpark-Barsinghausen
Das-Grüne-liegt-so-nah;Murowana-Goslina-Park
Das-Grüne-liegt-so-nah;Ottomar-von-Reden-Park
Das-Grüne-liegt-so-nah;Park-der-Sinne
Das-Grüne-liegt-so-nah;Stadtpark-Garbsen
Das-Grüne-liegt-so-nah;Stadtpark-und-Amtsgarten-Burgdorf
Das-Grüne-liegt-so-nah;Trip´sche-Parkanlage
Das-Grüne-liegt-so-nah;Wietzepark
Wietzepark;Lage-und-Verkehrsanbindung
Wietzepark;Naherholung-und-Natur-im-Wietzepark
Wietzepark;Roter-Sand-und-Raseneisenstein
Gartenregion;"Förderwettbewerb-""Garten-fördern.-Zukunft-ernten!"""
"Förderwettbewerb-""Garten-fördern.-Zukunft-ernten!""";Infos-Downloads
Gartenregion;Förderwettbewerb-20212
Förderwettbewerb-20212;Gartenregion-prämiert-sieben-Projekte
Förderwettbewerb-20212;Informationen-zum-Förderwettbewerb-2021
Gartenregion;Hintergründe-zur-Gartenregion2
Hintergründe-zur-Gartenregion2;Das-Projekt-Gartenregion
Hintergründe-zur-Gartenregion2;Zehn-Jahre-Gartenregion
Gartenregion;Projekte-der-Gartenregion
Projekte-der-Gartenregion;Die-Blühinsel
Projekte-der-Gartenregion;Aktivitäten-im-Grünen
Projekte-der-Gartenregion;Förderung-für-den-Hermannshof-in-Völksen
Projekte-der-Gartenregion;Neuer-Spielplatz-in-Garbsen
Projekte-der-Gartenregion;Wohnen-in-einer-alten-Gärtnerei
Gartenregion;Veranstaltungen-Gartenregion
Veranstaltungen-Gartenregion;Die-Offene-Pforte
Veranstaltungen-Gartenregion;Grünes-Hannover
Gärten-genießen;Hannovers-Neue-Gärten
Hannovers-Neue-Gärten;Die-EXPO-Gärten-am-Kronsberg
Hannovers-Neue-Gärten;Park-der-Sinne
Hannovers-Neue-Gärten;Wietzepark
Wietzepark;Lage-und-Verkehrsanbindung
Wietzepark;Naherholung-und-Natur-im-Wietzepark
Wietzepark;Roter-Sand-und-Raseneisenstein
Hannovers-Neue-Gärten;Willy-Spahn-Park
Hannovers-Neue-Gärten;Wissenschafts-und-Technologiepark-WTH
Gärten-genießen;Historische-Parkanlagen
Historische-Parkanlagen;Gartenfriedhof
Historische-Parkanlagen;Hermann-Löns-Park
Historische-Parkanlagen;Hinüberscher-Garten
Historische-Parkanlagen;Maschpark
Historische-Parkanlagen;Ottomar-von-Reden-Park
Ottomar-von-Reden-Park;Besondere-Gehölze
Besondere-Gehölze;A1-Schwarz-Kiefer
Besondere-Gehölze;A10-Gelbe-Rosskastanie
Besondere-Gehölze;A2-Libanon-Zeder
Besondere-Gehölze;A3-Zimt-Ahorn
Besondere-Gehölze;A4-Blut-Buche-Sämling
Besondere-Gehölze;A5-Urweltmammutbaum
Besondere-Gehölze;A6-Sumpf-Zypresse
Besondere-Gehölze;A7-Trauer-Weide
Besondere-Gehölze;A8-Riesen-Lebensbaum
Besondere-Gehölze;A9-Abendländischer-Lebensbaum
Historische-Parkanlagen;Stadtpark
Historische-Parkanlagen;Tiergarten
Historische-Parkanlagen;Trip´sche-Parkanlage
Historische-Parkanlagen;Welfengarten
Gärten-genießen;Kleingärten
Kleingärten;Beschluss-zum-Kleingartenkonzept-2016-2025
Kleingärten;Daten-und-Fakten
Kleingärten;Interkulturelle-Öffnung-des-Kleingartenwesens-in-Hannover
Kleingärten;Kleingartenkonzept-und-Kleingartenentwicklung-2016-2025
Kleingärten;"Kleingartenwettbewerb-""Bunte-Gärten"""
"Kleingartenwettbewerb-""Bunte-Gärten""";Die-Wettbewerbe-2003-bis-2018
Kleingärten;Organisation-der-Kleingärten
Kleingärten;Pacht-und-Kündigung
Kleingärten;Rechtsgrundlagen-für-Kleingärten
Kleingärten;"Übersichtsplan-""Kleingärten-in-Hannover"""
Gärten-genießen;Stadtteilparks
Stadtteilparks;Die-Alte-Bult-und-der-Hiroshima-Gedenkhain
Stadtteilparks;Freundschaftshaine-in-Hannover
Stadtteilparks;Gartenfriedhof
Stadtteilparks;Lindener-Bergfriedhof
Stadtteilparks;Neustädter-Friedhof
Stadtteilparks;Platz-für-Sport-und-Spiel-an-der-Ihme
Stadtteilparks;Sankt-Nikolai-Friedhof
Stadtteilparks;Stadtteilpark-Möhringsberg
Stadtteilparks;Stadtteilpark-Schwarzwaldstraße
Stadtteilparks;Vahrenwalder-Park
Gärten-genießen;Tier-und-Freizeitparks
Tier-und-Freizeitparks;Erlebnis-Zoo-Hannover
Erlebnis-Zoo-Hannover;Die-Themenwelten-des-Erlebnis-Zoo-Hannover
Erlebnis-Zoo-Hannover;Neuigkeiten-aus-dem-Erlebnis-Zoo
Neuigkeiten-aus-dem-Erlebnis-Zoo;Auf-Weltreise-mit-dem-6x9-Euro-Ticket
Neuigkeiten-aus-dem-Erlebnis-Zoo;Berberlöwin-aus-Marokko-im-Zoo-Hannover-eingetroffen
Neuigkeiten-aus-dem-Erlebnis-Zoo;Die-kleine-Eisbärin-macht-ihren-ersten-Ausflug
Neuigkeiten-aus-dem-Erlebnis-Zoo;Ein-seltenes-Neujahrsbaby
Neuigkeiten-aus-dem-Erlebnis-Zoo;Eisbärenbaby-im-Zoo-Hannover-geboren
Neuigkeiten-aus-dem-Erlebnis-Zoo;Eiskalt-erfrischt
Neuigkeiten-aus-dem-Erlebnis-Zoo;Elefanten-beziehen-ihre-neue-Anlage
Neuigkeiten-aus-dem-Erlebnis-Zoo;Familienfreundlichkeit-Zoo-Hannover-ganz-vorn
Neuigkeiten-aus-dem-Erlebnis-Zoo;Familienfreundlichkeit-Zoo-Hannover-ganz-weit-vorn
Neuigkeiten-aus-dem-Erlebnis-Zoo;Geburtstag-bei-den-sibirischen-Tigern
Neuigkeiten-aus-dem-Erlebnis-Zoo;Hoffnung-auf-Nachwuchs-bei-den-Eisbären
Neuigkeiten-aus-dem-Erlebnis-Zoo;Meldungen-bis-2018
Meldungen-bis-2018;2015-Zoo-Hannover-hat-länger-geöffnet
Meldungen-bis-2018;2018-Fachmagazin-zeichnet-Zoo-Hannover-aus
Meldungen-bis-2018;Abschied-von-Flusspferd-Pumeza-im-Zoo-Hannover
Meldungen-bis-2018;Da-waren-es-schon-zwei-kleine-Rüssel
Meldungen-bis-2018;Erlebnis-Zoo-auf-Erfolgskurs
Meldungen-bis-2018;Hannover-hat-den-besten-Zoo
Meldungen-bis-2018;Inventur-für-2013-Wie-viele-Tiere-leben-im-Zoo
Meldungen-bis-2018;Kibongo-ist-eröffnet
Meldungen-bis-2018;Kibongo-nimmt-Gestalt-an
Meldungen-bis-2018;Leopardin-Jilin-ange%C2%ADkom%C2%ADmen,-Elefant-Taru-geht
Meldungen-bis-2018;Orang-Utan-Jambi-verlässt-Zoo-Hannover
Meldungen-bis-2018;Seelöwen-Skulptur-für-den-Klimaschutz
Meldungen-bis-2018;Tierische-Bescherung-2018
Meldungen-bis-2018;Weltbevölkerungsuhr-am-Zoo-installiert
Meldungen-bis-2018;Winterspeck-in-Yukon-Bay
Meldungen-bis-2018;Zoo-Hannover-erhält-Fördergeld-für-Drills
Meldungen-bis-2018;Zoo-Hannover-verabschiedet-sich-von-Elefantenfamilie
Meldungen-bis-2018;Zooschule-ist-Vorbild-für-Nachhaltigkeit
Neuigkeiten-aus-dem-Erlebnis-Zoo;Nachwuchs-bei-Präriehunden-und-Karibus
Neuigkeiten-aus-dem-Erlebnis-Zoo;Nachwuchs-bei-den-Brillen-Pinguinen-im-Zoo
Neuigkeiten-aus-dem-Erlebnis-Zoo;Nachwuchs-bei-stark-bedrohter-Affenart-im-Erlebnis-Zoo-Hannover
Neuigkeiten-aus-dem-Erlebnis-Zoo;Name-für-Eisbärin-gesucht
Neuigkeiten-aus-dem-Erlebnis-Zoo;Neues-Wolfsrudel-erkundet-sein-Gehege
Neuigkeiten-aus-dem-Erlebnis-Zoo;Romanze-in-Yukon-Bay
Neuigkeiten-aus-dem-Erlebnis-Zoo;Tierisch-süßer-Nachwuchs
Tierisch-süßer-Nachwuchs;Babyboom-bei-den-Schafen-im-Zoo
Tierisch-süßer-Nachwuchs;Babyboom-im-Erlebnis-Zoo-Hannover
Tierisch-süßer-Nachwuchs;Da-waren-es-schon-zwei-kleine-Rüssel
Tierisch-süßer-Nachwuchs;Das-Silvester-Baby-heißt-Taru
Tierisch-süßer-Nachwuchs;Der-große-Wurf-von-Gerda-und-Gerd
Tierisch-süßer-Nachwuchs;Die-Wasserschweine-sind-los
Tierisch-süßer-Nachwuchs;Die-jungen-Wilden-aus-der-Yukon-Bay
Tierisch-süßer-Nachwuchs;Doppelter-Bison-Nachwuchs-im-Zoo
Tierisch-süßer-Nachwuchs;Doppelter-Bison-Nachwuchs-im-Zoo-Hannover
Tierisch-süßer-Nachwuchs;Doppelter-Grund-zur-Freude
Tierisch-süßer-Nachwuchs;Doppelter-Nachwuchs-bei-den-Waldbisons
Tierisch-süßer-Nachwuchs;Doppelter-Zebra-Nachwuchs-im-Zoo
Tierisch-süßer-Nachwuchs;Doppeltes-Bison-Baby-Glück-in-Hannover
Tierisch-süßer-Nachwuchs;Drei-kleine-Löwen-für-Hannover
Tierisch-süßer-Nachwuchs;Drittes-Elefantenbaby-im-Zoo-Hannover-geboren
Tierisch-süßer-Nachwuchs;Ein-kräftiger-Bursche
Tierisch-süßer-Nachwuchs;Ein-seltenes-Neujahrsbaby
Tierisch-süßer-Nachwuchs;Eisbär-Jungtier-Nana-eiskalt-erfrischt
Tierisch-süßer-Nachwuchs;Eisbärenbaby-im-Zoo-Hannover-geboren
Tierisch-süßer-Nachwuchs;Elefantenbaby-geboren
Tierisch-süßer-Nachwuchs;Elefantenbaby-geboren-Saphira-ist-stolze-Mama
Tierisch-süßer-Nachwuchs;Esel-Fohlen-tobt-durch-den-Zoo-Hannover
Tierisch-süßer-Nachwuchs;Flauschiger-Flamingo-Nachwuchs-im-Zoo-Hannover
Tierisch-süßer-Nachwuchs;Freches-Wollknäul-Nachwuchs-im-Zoo
Tierisch-süßer-Nachwuchs;Gestatten-Elefantenbaby-Nr.-5
Tierisch-süßer-Nachwuchs;Gorillababy-Yanga-wird-mit-der-Flasche-aufgezogen
Tierisch-süßer-Nachwuchs;Große-Schweinerei-auf-Meyers-Hof
Tierisch-süßer-Nachwuchs;Hier-kommt-Karl
Tierisch-süßer-Nachwuchs;Hoffnungsträger-im-Doppelpack
Tierisch-süßer-Nachwuchs;Ice,-Ice-Nana
Tierisch-süßer-Nachwuchs;Ich-schau-Dir-in-die-Augen,-Kleines-Eisbärchen
Tierisch-süßer-Nachwuchs;Kleine-Beutelbewohner-entdeckt
Tierisch-süßer-Nachwuchs;Kleine-Rangeleien-am-Sambesi
Tierisch-süßer-Nachwuchs;Kleine-Sissi-macht-ganz-große-Sprünge
Tierisch-süßer-Nachwuchs;Kleines-Duo-für-die-Riesen-Nager
Tierisch-süßer-Nachwuchs;Kleines-Äffchen-auf-Eroberungskurs
Tierisch-süßer-Nachwuchs;Kuschelzeit-bei-den-Erdmännchen
Tierisch-süßer-Nachwuchs;Lilly,-Otto-und-Lucifer-machen-Zoo-Hannover-unsicher
Tierisch-süßer-Nachwuchs;Loreley-ist-ganz-Ohr
Tierisch-süßer-Nachwuchs;Mini-Äffchen-erobert-das-Rudel
Tierisch-süßer-Nachwuchs;Mit-doppelt-Schwein-ins-neue-Jahr
Tierisch-süßer-Nachwuchs;Mäh!-Drei-niedliche-Lämmer-im-Wisentgehege-geboren
Tierisch-süßer-Nachwuchs;Nachwuchs-bei-Präriehunden-und-Karibus
Tierisch-süßer-Nachwuchs;Nachwuchs-bei-Rothschild-Giraffen
Tierisch-süßer-Nachwuchs;Nachwuchs-bei-den-Brillen-Pinguinen-im-Zoo
Tierisch-süßer-Nachwuchs;Nachwuchs-bei-den-Erdmännchen
Tierisch-süßer-Nachwuchs;Nachwuchs-bei-den-Flachland-Gorillas
Tierisch-süßer-Nachwuchs;Nachwuchs-bei-den-Flamingos
Tierisch-süßer-Nachwuchs;Nachwuchs-bei-den-Präriehunden
Tierisch-süßer-Nachwuchs;Nachwuchs-bei-den-Präriehunden2
Tierisch-süßer-Nachwuchs;Nachwuchs-bei-den-Schnee-Eulen
Tierisch-süßer-Nachwuchs;Nachwuchs-bei-den-Waldziegen
Tierisch-süßer-Nachwuchs;Nachwuchs-bei-den-seltenen-Addax
Tierisch-süßer-Nachwuchs;Nachwuchs-beim-Harzer-Rotvieh-auf-Meyers-Hof
Tierisch-süßer-Nachwuchs;Nachwuchs-im-Norden-wie-auch-im-Süden
Tierisch-süßer-Nachwuchs;Nachwuchs-im-Zoo-Mini-Esel-mit-Ringelsocken
Tierisch-süßer-Nachwuchs;Nacktnasenwombat-Maya-erwartet-ersten-Nachwuchs
Tierisch-süßer-Nachwuchs;Neue-Känguru-Babys-im-Zoo
Tierisch-süßer-Nachwuchs;Neugierige-Frischlinge-erkunden-das-Wisentgehege
Tierisch-süßer-Nachwuchs;Neun-mal-schweinischer-Nachwuchs
Tierisch-süßer-Nachwuchs;Riesige-Freude-über-Nachwuchs-bei-Mini-Schildkröten
Tierisch-süßer-Nachwuchs;Schweinebande-erobert-den-Zoo
Tierisch-süßer-Nachwuchs;Seebärchen-im-Zoo-Hannover
Tierisch-süßer-Nachwuchs;Seltene-Schildkröte-im-Zoo-Hannover-geschlüpft
Tierisch-süßer-Nachwuchs;Seltener-Nachwuchs-auf-Meyers-Hof
Tierisch-süßer-Nachwuchs;Seltener-Nachwuchs-im-Zoo
Tierisch-süßer-Nachwuchs;Tiger-Drillinge-geboren
Tierisch-süßer-Nachwuchs;Video-Kleine-Eisbärin-erkundet-Yukon-Bay-im-Zoo-Hannover
Tierisch-süßer-Nachwuchs;Video-Kleine-Eisbärin-ist-eine-richtige-Wasserratte
Tierisch-süßer-Nachwuchs;Vier-Elefantenbabys-im-Erlebnis-Zoo-Hannover-erwartet
Tierisch-süßer-Nachwuchs;Vier-Husumer-Protestferkel-für-den-Zoo-Hannover
Tierisch-süßer-Nachwuchs;Viertes-Elefanten-Baby-geboren
Tierisch-süßer-Nachwuchs;Viertes-Elefantenbaby-im-Zoo-Hannover-geboren
Tierisch-süßer-Nachwuchs;Zebra-Kind-schnuppert-Frühlingsluft
Tierisch-süßer-Nachwuchs;Zoo-Hannover-Addax%27-und-Zebras-mit-Nachwuchs
Tierisch-süßer-Nachwuchs;Zoo-Hannover-Doppelter-Nachwuchs-bei-Brillenpinguinen
Tierisch-süßer-Nachwuchs;Zoo-Hannover-Dreifacher-Nachwuchs-in-Yukon-Bay
Tierisch-süßer-Nachwuchs;Zoo-Hannover-Drillings-Nachwuchs-bei-den-Erdmännchen
Tierisch-süßer-Nachwuchs;Zoo-Hannover-Eisbär-Mädchen-heißt-nun-Nana
Tierisch-süßer-Nachwuchs;Zoo-Hannover-Eisbär-Mädchen-nascht-und-erkundet-die-Welt
Tierisch-süßer-Nachwuchs;Zoo-Hannover-Es-ist-ein-Eisbär-Mädchen
Tierisch-süßer-Nachwuchs;Zoo-Hannover-Flusspferdbaby-heißt-Pumeza
Tierisch-süßer-Nachwuchs;Zoo-Hannover-Fünffacher-Erdmännchen-Nachwuchs
Tierisch-süßer-Nachwuchs;Zoo-Hannover-Gorilla-Weibchen-Melima-zeigt-ihr-Baby
Tierisch-süßer-Nachwuchs;Zoo-Hannover-Gorillababy-geboren
Tierisch-süßer-Nachwuchs;Zoo-Hannover-Nach%C2%ADwuchs-bei-den-Karibus
Tierisch-süßer-Nachwuchs;Zoo-Hannover-Nachwuchs-bei-bedrohten-Haustierrassen
Tierisch-süßer-Nachwuchs;Zoo-Hannover-Nachwuchs-bei-den-Addax-Wüstenantilopen
Tierisch-süßer-Nachwuchs;Zoo-Hannover-Nachwuchs-bei-den-Elenantilopen
Tierisch-süßer-Nachwuchs;Zoo-Hannover-Nachwuchs-bei-den-Flusspferden
Tierisch-süßer-Nachwuchs;Zoo-Hannover-Nachwuchs-bei-den-Hulman-Languren
Tierisch-süßer-Nachwuchs;Zoo-Hannover-Nachwuchs-bei-den-Roten-Riesenkängurus
Tierisch-süßer-Nachwuchs;Zoo-Hannover-Nachwuchs-bei-den-Rothalsstraußen
Tierisch-süßer-Nachwuchs;Zoo-Hannover-Nachwuchs-bei-den-Schneeeulen
Tierisch-süßer-Nachwuchs;Zoo-Hannover-Nachwuchs-in-der-Prärie
Tierisch-süßer-Nachwuchs;Zoo-Hannover-Schneeeulen-Nachwuchs
Tierisch-süßer-Nachwuchs;Zoo-Hannover-Schorse-Junior-ist-da
Tierisch-süßer-Nachwuchs;Zoo-Hannover-Schwimmschule-für-Seebärbaby
Tierisch-süßer-Nachwuchs;Zwölf-Flamingo-Küken-im-Zoo-geboren
Neuigkeiten-aus-dem-Erlebnis-Zoo;Tierischer-Grusel-Kürbis-Besuch-im-Erlebnis-Zoo-Hannover
Neuigkeiten-aus-dem-Erlebnis-Zoo;Tiger-Drillinge-geboren
Neuigkeiten-aus-dem-Erlebnis-Zoo;Tigerbabys-im-Zoo-Es-sind-drei-Männchen
Neuigkeiten-aus-dem-Erlebnis-Zoo;Tigerbabys-im-Zoo-haben-ihre-Augen-geöffnet
Neuigkeiten-aus-dem-Erlebnis-Zoo;Video-Kleine-Eisbärin-erkundet-Yukon-Bay-im-Zoo-Hannover
Neuigkeiten-aus-dem-Erlebnis-Zoo;Zara-erkundet-ihr-Gehege
Neuigkeiten-aus-dem-Erlebnis-Zoo;Zoo-Hannover-Es-ist-ein-Eisbär-Mädchen
Neuigkeiten-aus-dem-Erlebnis-Zoo;Zoo-hat-zweites-Pandemie-Jahr-sehr-gut-bewältigt
Neuigkeiten-aus-dem-Erlebnis-Zoo;Zwillings-Nachwuchs-bei-den-seltenen-Roten-Pandas
Erlebnis-Zoo-Hannover;Themenwelten-im-Erlebnis-Zoo
Themenwelten-im-Erlebnis-Zoo;Afi-Mountain
Themenwelten-im-Erlebnis-Zoo;Dschungelpalast
Themenwelten-im-Erlebnis-Zoo;Meyers-Hof
Themenwelten-im-Erlebnis-Zoo;Mullewapp
Themenwelten-im-Erlebnis-Zoo;Outback
Themenwelten-im-Erlebnis-Zoo;Sambesi
Themenwelten-im-Erlebnis-Zoo;Yukon-Bay
Erlebnis-Zoo-Hannover;Veranstaltungen-und-Events
Veranstaltungen-und-Events;Christmas-Garden-im-Zoo
Veranstaltungen-und-Events;Laternenspaziergang-im-Zoo
Erlebnis-Zoo-Hannover;Zoo-Hannover-Ein-Erlebnis-seit-150-Jahren
Zoo-Hannover-Ein-Erlebnis-seit-150-Jahren;150-Jahre-Erlebnis-Zoo-Hannover
Zoo-Hannover-Ein-Erlebnis-seit-150-Jahren;150-Jahre-Erlebnis-Zoo-Hannover-Fanbilder
150-Jahre-Erlebnis-Zoo-Hannover-Fanbilder;150-und-noch-immer-so-koplos
150-Jahre-Erlebnis-Zoo-Hannover-Fanbilder;150-und-noch-so-humorvoll
150-Jahre-Erlebnis-Zoo-Hannover-Fanbilder;Mit-150-noch-ne-dicke-Lippe-riskieren
150-Jahre-Erlebnis-Zoo-Hannover-Fanbilder;Mit-150-noch-so-apart
150-Jahre-Erlebnis-Zoo-Hannover-Fanbilder;Mit-150-noch-so-aufgeschlossen
150-Jahre-Erlebnis-Zoo-Hannover-Fanbilder;Mit-150-noch-so-ein-Genießer
150-Jahre-Erlebnis-Zoo-Hannover-Fanbilder;Mit-150-noch-so-ein-Poser
150-Jahre-Erlebnis-Zoo-Hannover-Fanbilder;Mit-150-noch-so-ein-Punker
150-Jahre-Erlebnis-Zoo-Hannover-Fanbilder;Mit-150-noch-so-ein-Raufbold
150-Jahre-Erlebnis-Zoo-Hannover-Fanbilder;Mit-150-noch-so-ein-Schreihals
150-Jahre-Erlebnis-Zoo-Hannover-Fanbilder;Mit-150-noch-so-eine-Wasserratte
150-Jahre-Erlebnis-Zoo-Hannover-Fanbilder;Mit-150-noch-so-einen-Überblick-haben
150-Jahre-Erlebnis-Zoo-Hannover-Fanbilder;Mit-150-noch-so-entspannt
150-Jahre-Erlebnis-Zoo-Hannover-Fanbilder;Mit-150-noch-so-fürsorglich
150-Jahre-Erlebnis-Zoo-Hannover-Fanbilder;Mit-150-noch-so-gechillt
150-Jahre-Erlebnis-Zoo-Hannover-Fanbilder;Mit-150-noch-so-gesellig
150-Jahre-Erlebnis-Zoo-Hannover-Fanbilder;Mit-150-noch-so-kontaktfreudig
150-Jahre-Erlebnis-Zoo-Hannover-Fanbilder;Mit-150-noch-so-nachdenklich
150-Jahre-Erlebnis-Zoo-Hannover-Fanbilder;Mit-150-noch-so-schadenfroh
150-Jahre-Erlebnis-Zoo-Hannover-Fanbilder;Mit-150-noch-so-scharfsichtig
150-Jahre-Erlebnis-Zoo-Hannover-Fanbilder;Mit-150-noch-so-schöne-Zähne
150-Jahre-Erlebnis-Zoo-Hannover-Fanbilder;Mit-150-noch-so-skeptisch
150-Jahre-Erlebnis-Zoo-Hannover-Fanbilder;Mit-150-noch-so-tiefgründig
150-Jahre-Erlebnis-Zoo-Hannover-Fanbilder;Mit-150-noch-so-treu
150-Jahre-Erlebnis-Zoo-Hannover-Fanbilder;Mit-150-noch-so-verfressen
150-Jahre-Erlebnis-Zoo-Hannover-Fanbilder;Mit-150-noch-so-verschlafen
150-Jahre-Erlebnis-Zoo-Hannover-Fanbilder;Mit-150-noch-so-verspielt
150-Jahre-Erlebnis-Zoo-Hannover-Fanbilder;Mit-150-noch-so-viel-Biss
150-Jahre-Erlebnis-Zoo-Hannover-Fanbilder;Mit-150-noch-so-waghalsig
150-Jahre-Erlebnis-Zoo-Hannover-Fanbilder;Mit-150-noch-so-waschecht
150-Jahre-Erlebnis-Zoo-Hannover-Fanbilder;Mit-150-noch-so-wild-auf-Klimmzüge
150-Jahre-Erlebnis-Zoo-Hannover-Fanbilder;Mit-150-noch-so-zärtlich
150-Jahre-Erlebnis-Zoo-Hannover-Fanbilder;Mit-150-noch-so-´ne-große-Klappe
150-Jahre-Erlebnis-Zoo-Hannover-Fanbilder;Mit-150-noch-tiefgründig
150-Jahre-Erlebnis-Zoo-Hannover-Fanbilder;Mit-150-und-noch-so-wagemutig
Zoo-Hannover-Ein-Erlebnis-seit-150-Jahren;150-Jahre-Erlebnis-Zoo-Hannover-Galerie
150-Jahre-Erlebnis-Zoo-Hannover-Galerie;Mit-150-noch-so-%27ne-flotte-Hufe
150-Jahre-Erlebnis-Zoo-Hannover-Galerie;Mit-150-noch-so-fesch
150-Jahre-Erlebnis-Zoo-Hannover-Galerie;Mit-150-noch-so-fotogen
150-Jahre-Erlebnis-Zoo-Hannover-Galerie;Mit-150-noch-so-geheimnisvoll
150-Jahre-Erlebnis-Zoo-Hannover-Galerie;Mit-150-noch-so-gut-unterwegs
150-Jahre-Erlebnis-Zoo-Hannover-Galerie;Mit-150-noch-so-kuschelig
150-Jahre-Erlebnis-Zoo-Hannover-Galerie;Mit-150-noch-so-lässig
150-Jahre-Erlebnis-Zoo-Hannover-Galerie;Mit-150-noch-so-mutig
150-Jahre-Erlebnis-Zoo-Hannover-Galerie;Mit-150-noch-so-neugierig
150-Jahre-Erlebnis-Zoo-Hannover-Galerie;Mit-150-noch-so-übermütig
150-Jahre-Erlebnis-Zoo-Hannover-Galerie;Regionspräsident-Hauke-Jagau
150-Jahre-Erlebnis-Zoo-Hannover-Galerie;Zoo-Geschäftsführer-Andreas-M.-Casdorff
Zoo-Hannover-Ein-Erlebnis-seit-150-Jahren;Themenwelten-im-Erlebnis-Zoo
Zoo-Hannover-Ein-Erlebnis-seit-150-Jahren;Zoo-Übernachtungs-und-Gruppenangebote
Tier-und-Freizeitparks;Sea-Life-Hannover
Tier-und-Freizeitparks;Weitere-Tier-und-Freizeitparks
Tier-und-Freizeitparks;Wisentgehege-Springe
Naherholung;Infos,-Projekte,-Termine
Infos,-Projekte,-Termine;Karten,-Bücher,-Broschüren
Karten,-Bücher,-Broschüren;Broschüren
Broschüren;Broschüren-zu-Parks,-Naherholungsgebieten-und-Forsten
Broschüren;Faltblätter-und-Kurzinformationen
Broschüren;Faltblätter-zu-Initiativen-und-Wettbewerben
Karten,-Bücher,-Broschüren;Karten-und-Bücher
Infos,-Projekte,-Termine;Mitmachen
Mitmachen;Ab-ins-Grüne!
Mitmachen;Baumpatenschaften
Mitmachen;Calenberger-Landsommer
Mitmachen;Die-Offene-Pforte
Mitmachen;GartenLust
Mitmachen;Grünes-Hannover
Mitmachen;Hannover-zum-Hören
Mitmachen;Insektenbündnis-Hannover
Mitmachen;Projekte-für-Mehr-Natur-in-der-Stadt
Mitmachen;Rendezvous-im-Garten
Mitmachen;Urban-Gardening-und-Gemeinschaftsgärten
Infos,-Projekte,-Termine;Termine
Termine;Calenberger-Landsommer
Calenberger-Landsommer;Termine-2022
Termine;Die-Offene-Pforte
Termine;Drachenfest-am-Kronsberg
Termine;Hannoversche-Pflanzentage
Termine;Rendezvous-im-Garten
Naherholung;Natur-entdecken
Natur-entdecken;Deister
Natur-entdecken;Die-Südliche-Leineaue
Die-Südliche-Leineaue;Alte-Leine-1
Die-Südliche-Leineaue;Am-Wasserwerk-3
Die-Südliche-Leineaue;An-der-Leine-und-der-Bruchriede-5
Die-Südliche-Leineaue;Das-Koldinger-Holz-6
Die-Südliche-Leineaue;Die-Alte-Feuerwache-4
Die-Südliche-Leineaue;Die-Koldinger-Seen-7
Die-Südliche-Leineaue;Die-Zuckerfabrik-Rethen-12
Die-Südliche-Leineaue;Faltblätter-und-Hintergrundinformationen
Die-Südliche-Leineaue;Lebensader-Leine-9
Lebensader-Leine-9;Lebensraum-Sediment
Lebensader-Leine-9;Lebensraum-Steilwand
Die-Südliche-Leineaue;Lebensraum-Stapelteich-11
Lebensraum-Stapelteich-11;Vögel-am-Rethener-Stapelteich
Die-Südliche-Leineaue;Sand-und-Kiesbänke-10
Sand-und-Kiesbänke-10;Laufkäfer
Sand-und-Kiesbänke-10;Pflanzen
Sand-und-Kiesbänke-10;Vögel
Die-Südliche-Leineaue;Tonteiche-2
Die-Südliche-Leineaue;Vogelarten-am-Großen-Koldinger-See-8
Vogelarten-am-Großen-Koldinger-See-8;Brutvögel
Vogelarten-am-Großen-Koldinger-See-8;Zugvögel
Natur-entdecken;Landschaftsräume
Natur-entdecken;Moore
Moore;Altwarmbüchener-Moor
Moore;Broschüren-rund-ums-Moor
Moore;Das-Moorinformationszentrum-Wedemark-Resse-MOORiZ
Moore;Erlebnisweg-Totes-Moor
Moore;Geheimnisvolle-Moore
Moore;Hannoversche-Moorgeest
Hannoversche-Moorgeest;Bissendorfer-Moor
Hannoversche-Moorgeest;Helstorfer-Moor
Hannoversche-Moorgeest;Otternhagener-Moor
Hannoversche-Moorgeest;Schwarzes-Moor-bei-Resse
Moore;Moore
Moore;Moorerlebnispfad-Resse
Moorerlebnispfad-Resse;Der-Moorerlebnispfad
Der-Moorerlebnispfad;Entstehungsgeschichte-Moor-Erlebnispfad
Der-Moorerlebnispfad;Moor-mit-den-Sinnen-erleben
Der-Moorerlebnispfad;Moorerlebnisse-für-fast-Alle
Der-Moorerlebnispfad;Moorwissen
Moorerlebnispfad-Resse;"Die-""vergessene-Autobahn""-bei-Resse"
Moorerlebnispfad-Resse;Generelle-Informationen
Moorerlebnispfad-Resse;Hinweise-zur-Nutzung-des-Moor-Erlebnispfads-Resse
Moorerlebnispfad-Resse;Lebensraum-Sandheide
Lebensraum-Sandheide;Wiederherstellung-Lebensraum-Sandheide
Moorerlebnispfad-Resse;Pflanzen-und-Tiere-im-Moor
Moore;Nordhannoversche-Moorroute
Nordhannoversche-Moorroute;Die-Nordhannoversche-Moorroute
Nordhannoversche-Moorroute;Grüne-Schätze-am-Moor
Nordhannoversche-Moorroute;Karte-mit-allen-vier-Etappen
Karte-mit-allen-vier-Etappen;Etappen-zum-Nachradeln
Etappen-zum-Nachradeln;Nordhannoversche-Moorroute-Etappe-1
Etappen-zum-Nachradeln;Nordhannoversche-Moorroute-Etappe-2
Etappen-zum-Nachradeln;Nordhannoversche-Moorroute-Etappe-3
Etappen-zum-Nachradeln;Nordhannoversche-Moorroute-Etappe-4
Nordhannoversche-Moorroute;Rund-ums-Steinhuder-Meer
Nordhannoversche-Moorroute;Von-Altwarmbüchen-nach-Bissendorf
Nordhannoversche-Moorroute;Von-Bissendorf-nach-Neustadt-a.-Rbge
Nordhannoversche-Moorroute;Von-Neustadt-a.-Rbge.-durch-Tote-Moor
Nordhannoversche-Moorroute;Was-sonst-noch-interessant-ist
Natur-entdecken;Seen
Seen;Altwarmbüchener-See
Seen;Badeseen
Seen;Koldinger-Seen
Seen;Maschsee
Seen;Ricklinger-Kiesteiche
Seen;Steinhuder-Meer
Natur-entdecken;Wälder
Wälder;Die-Eilenriede
Wälder;Mecklenheider-Forst
Wälder;Seelhorster-Wald
Wälder;Waldstation-Eilenriede
Naherholung;Natur-erleben
Natur-erleben;Grüne-Schätze
Natur-erleben;Angeln-in-den-Koldinger-Seen
Natur-erleben;Auf-dem-E1-durch-den-Deister
Natur-erleben;Bewegen
Bewegen;Deisterwanderung-abseits-der-bekannten-Wege
Bewegen;Die-Gartenregion-spielend-entdecken
Bewegen;Discgolf-Parcours
Bewegen;Fitness%C2%ADparcours-in-Hannover
Fitness%C2%ADparcours-in-Hannover;BewegungsORTE
Fitness%C2%ADparcours-in-Hannover;Bewegungsparcours-in-Vahrenheide
Fitness%C2%ADparcours-in-Hannover;Bewegungspark-in-Stöcken
Fitness%C2%ADparcours-in-Hannover;Fitness-in-der-Fössewiese-in-Davenstedt
Fitness%C2%ADparcours-in-Hannover;Fitnessparcours-Langensalzastraße
Fitness%C2%ADparcours-in-Hannover;Fitnessparcours-am-Freizeitheim-Ricklingen
Fitness%C2%ADparcours-in-Hannover;Fitnessparcours-am-Tiergarten-in-Kirchrode
Fitness%C2%ADparcours-in-Hannover;"Fitnessparcours-in-der-""Grünen-Mitte-Hainholz"""
Fitness%C2%ADparcours-in-Hannover;Fitnesswiese-am-Schmachteberg-in-der-Eilenriede
Fitness%C2%ADparcours-in-Hannover;Platz-der-Generationen-Wülfel
Bewegen;Hannover-läuft-rund
Bewegen;"Hannovers-erster-Spielplatz-""Wakitu"""
Bewegen;Skaten-in-Hannover
Bewegen;Spielplätze-in-Hannover
Bewegen;Sport-im-Park
Bewegen;Sport-treiben-im-Grünen
Bewegen;Trimm-Dich-Pfad-in-der-Eilenriede
Natur-erleben;Der-Deister-Wanderpass
Natur-erleben;"Faltkarte-""Wandern-im-Deister"""
Natur-erleben;Mit-Bus-und-Bahn-auf-den-Deisterkamm
Natur-erleben;Nordhannoversche-Moorroute
Natur-erleben;Radfahren
Radfahren;Der-Deisterkreisel
Der-Deisterkreisel;Ausgewählte-Schwimmbäder-am-Deisterkreisel
Der-Deisterkreisel;Ausgewählte-Spielplätze-am-Deisterkreisel
Der-Deisterkreisel;Minigolfplätze
Der-Deisterkreisel;Route-1-Von-Bad-Nenndorf-nach-Wennigsen
Der-Deisterkreisel;Route-2-Von-Wennigsen-nach-Völksen
Der-Deisterkreisel;Route-3-Von-Völksen-nach-Bad-Münder
Der-Deisterkreisel;Route-4-Von-Bad-Münder-nach-Bad-Nenndorf
Radfahren;Der-Julius-Trip-Ring
Radfahren;Die-Hofladenrouten
Radfahren;FAHRRADREGION-Hannover
FAHRRADREGION-Hannover;Die-15-Routen-der-FAHRRADREGION-Hannover
FAHRRADREGION-Hannover;Regionsroute-1
FAHRRADREGION-Hannover;Regionsroute-10
FAHRRADREGION-Hannover;Regionsroute-11
FAHRRADREGION-Hannover;Regionsroute-12
FAHRRADREGION-Hannover;Regionsroute-13
FAHRRADREGION-Hannover;Regionsroute-14
FAHRRADREGION-Hannover;Regionsroute-15
FAHRRADREGION-Hannover;Regionsroute-2
FAHRRADREGION-Hannover;Regionsroute-3
FAHRRADREGION-Hannover;Regionsroute-4
FAHRRADREGION-Hannover;Regionsroute-5
FAHRRADREGION-Hannover;Regionsroute-6
FAHRRADREGION-Hannover;Regionsroute-7
FAHRRADREGION-Hannover;Regionsroute-8
FAHRRADREGION-Hannover;Regionsroute-9
FAHRRADREGION-Hannover;Tourenvorschläge
Radfahren;Grüner-Ring
Grüner-Ring;Altwarmbüchener-Moor-Tiergarten-Hannover
Altwarmbüchener-Moor-Tiergarten-Hannover;Altwarmbüchener-Moor
Altwarmbüchener-Moor-Tiergarten-Hannover;Altwarmbüchener-See
Altwarmbüchener-Moor-Tiergarten-Hannover;Breite-und-Nasse-Wiese
Altwarmbüchener-Moor-Tiergarten-Hannover;Bäder-auf-dem-Weg
Altwarmbüchener-Moor-Tiergarten-Hannover;Misburger-Wald-und-Blauer-See
Altwarmbüchener-Moor-Tiergarten-Hannover;Schiffgraben
Altwarmbüchener-Moor-Tiergarten-Hannover;Tiergarten
Grüner-Ring;Benthe-Ronnenberg-Gehrden-Benther-Berg
Benthe-Ronnenberg-Gehrden-Benther-Berg;Benther-Berg-und-Gehrdener-Berg
Benthe-Ronnenberg-Gehrden-Benther-Berg;Berggasthaus-Niedersachsen
Benthe-Ronnenberg-Gehrden-Benther-Berg;Burgberg-Gehrdener-Sandstein
Benthe-Ronnenberg-Gehrden-Benther-Berg;Bäder-auf-dem-Weg
Benthe-Ronnenberg-Gehrden-Benther-Berg;Die-Sieben-Trappen-Steine
Benthe-Ronnenberg-Gehrden-Benther-Berg;Erlebnisgarten-und-Alter-Garten
Benthe-Ronnenberg-Gehrden-Benther-Berg;Hellweg-vor-dem-Sandforde
Benthe-Ronnenberg-Gehrden-Benther-Berg;Holländerwindmühle
Benthe-Ronnenberg-Gehrden-Benther-Berg;Kalihalde-Ronnenberg
Benthe-Ronnenberg-Gehrden-Benther-Berg;Kindermühle-Gehrdener-Berg
Benthe-Ronnenberg-Gehrden-Benther-Berg;Löss
Benthe-Ronnenberg-Gehrden-Benther-Berg;Margarethenwiese
Benthe-Ronnenberg-Gehrden-Benther-Berg;Michaeliskirche
Benthe-Ronnenberg-Gehrden-Benther-Berg;Rittergut-Erichshof
Benthe-Ronnenberg-Gehrden-Benther-Berg;Ronnenberg
Benthe-Ronnenberg-Gehrden-Benther-Berg;Waldbetriebsgemeinschaft-Benther-Berg
Grüner-Ring;Der-Grüne-Ring
Grüner-Ring;Devese-Benthe-Velber
Devese-Benthe-Velber;Benther-Berg
Devese-Benthe-Velber;Bäder-auf-dem-Weg
Devese-Benthe-Velber;Das-Calenberger-Land
Devese-Benthe-Velber;Fösse
Devese-Benthe-Velber;Ihme
Devese-Benthe-Velber;Kalihalde
Devese-Benthe-Velber;Naturdenkmal-Eschteich
Devese-Benthe-Velber;Velber-Kapelle-in-Velber-Kollroth-Hof
Devese-Benthe-Velber;Von-Lenthe-Allee
Devese-Benthe-Velber;Wettbergen
Devese-Benthe-Velber;Wohnen-mit-der-Sonne
Grüner-Ring;Forst-Heidehaus-Wietze
Forst-Heidehaus-Wietze;Am-Heinischen-Hof
Forst-Heidehaus-Wietze;Deponie
Forst-Heidehaus-Wietze;Eichen-und-Stadtpark-Langenhagen
Forst-Heidehaus-Wietze;Elisabethkirche
Forst-Heidehaus-Wietze;Godshorner-Kapelle
Forst-Heidehaus-Wietze;Kugelfangtrift
Forst-Heidehaus-Wietze;Mecklenheideforst
Forst-Heidehaus-Wietze;Mittellandkanal
Forst-Heidehaus-Wietze;Standortübungsplatz-Nord
Forst-Heidehaus-Wietze;Vinnhorst
Forst-Heidehaus-Wietze;Wietze
Grüner-Ring;Grasdorf-Devese
Grasdorf-Devese;Beobachtungsturm
Grasdorf-Devese;Bäder-auf-dem-Weg
Grasdorf-Devese;Devese
Grasdorf-Devese;Grasdorf
Grasdorf-Devese;Hemminger-Kapelle
Grasdorf-Devese;Kiesseen
Grasdorf-Devese;Naturschutzzentrum-Alte-Feuerwache
Grasdorf-Devese;Rübenburgen
Grasdorf-Devese;Sensenvögel
Grasdorf-Devese;Sundern
Grasdorf-Devese;Südliche-Leineaue
Grasdorf-Devese;Von-Alten-Mausoleum
Grasdorf-Devese;Wassergewinnung
Grasdorf-Devese;Wasserlehrpfad
Grasdorf-Devese;Weißstorch
Grüner-Ring;Grasdorf-Sehnde-Mittellandkanal
Grasdorf-Sehnde-Mittellandkanal;Bockmerholz
Grasdorf-Sehnde-Mittellandkanal;Bäder-auf-dem-Weg
Grasdorf-Sehnde-Mittellandkanal;Friedrichshall
Grasdorf-Sehnde-Mittellandkanal;Gewerkschaft-Hohenfels
Grasdorf-Sehnde-Mittellandkanal;Großes-Freies
Grasdorf-Sehnde-Mittellandkanal;Hannoversche-Schule
Grasdorf-Sehnde-Mittellandkanal;Hannoversche-Straßenbahn-Museum
Grasdorf-Sehnde-Mittellandkanal;Hermann-Löns
Grasdorf-Sehnde-Mittellandkanal;Hügelgräber
Grasdorf-Sehnde-Mittellandkanal;Koldinger-Seen
Grasdorf-Sehnde-Mittellandkanal;Kunst-Windenergie
Grasdorf-Sehnde-Mittellandkanal;Mergelgruben
Grasdorf-Sehnde-Mittellandkanal;Mittellandkanal
Grasdorf-Sehnde-Mittellandkanal;Schleuse-Bolzum
Grasdorf-Sehnde-Mittellandkanal;Wassel
Grüner-Ring;Grüne-Ringe-in-Deutschland
Grüner-Ring;Marienwerder-Garbsen-Seelze
Marienwerder-Garbsen-Seelze;Barockkirche-Schloss-Ricklingen
Marienwerder-Garbsen-Seelze;Berenbosteler-Ziegeleien
Marienwerder-Garbsen-Seelze;Bäder-auf-dem-Weg
Marienwerder-Garbsen-Seelze;Garbsener-Berge-und-Blauer-See
Marienwerder-Garbsen-Seelze;Garbsener-Schweiz
Marienwerder-Garbsen-Seelze;Geestrücken
Marienwerder-Garbsen-Seelze;Herzog-Albrecht-Denkmal
Marienwerder-Garbsen-Seelze;Holländerwindmühle
Marienwerder-Garbsen-Seelze;Moorkönig-von-Garbsen
Marienwerder-Garbsen-Seelze;Schloss-Ricklingen
Marienwerder-Garbsen-Seelze;Schwarzer-See
Marienwerder-Garbsen-Seelze;Stadtpark-Garbsen
Marienwerder-Garbsen-Seelze;Stadtpark-Garbsen2
Marienwerder-Garbsen-Seelze;Unterwassertechnikum
Marienwerder-Garbsen-Seelze;Wasserkreuzung-Flutbrücke-Altarm
Grüner-Ring;Tiergarten-Hannover-Kronsberg
Tiergarten-Hannover-Kronsberg;Allmende
Tiergarten-Hannover-Kronsberg;Aussichtshügel
Tiergarten-Hannover-Kronsberg;Bäder-auf-dem-Weg
Tiergarten-Hannover-Kronsberg;Drei-Kaiser-Stein-Stadtteil-Kronsberg-Kammwald
Tiergarten-Hannover-Kronsberg;Gaim
Tiergarten-Hannover-Kronsberg;Gärten-im-Wandel-und-Expo-Park-Süd
Tiergarten-Hannover-Kronsberg;Mastbrucher-Holz
Tiergarten-Hannover-Kronsberg;Park-der-Sinne
Tiergarten-Hannover-Kronsberg;Schleuse-Anderten
Tiergarten-Hannover-Kronsberg;Schwarzes-Gold
Tiergarten-Hannover-Kronsberg;Städtische-Siedlung
Grüner-Ring;Velber-Schwarze-Heide
Velber-Schwarze-Heide;Bäder-auf-dem-Weg
Velber-Schwarze-Heide;Der-Englische-Friedhof
Velber-Schwarze-Heide;Gedenkstätte-Ahlem
Velber-Schwarze-Heide;Hinüberscher-Garten
Velber-Schwarze-Heide;Kanalrebellen
Velber-Schwarze-Heide;Kloster-Marienwerder-und-Klosterforst
Velber-Schwarze-Heide;Schwarze-Heide
Velber-Schwarze-Heide;Weiden
Grüner-Ring;Wasserzeichen
Wasserzeichen;Ahlemer-Maschgraben
Wasserzeichen;Flut-Brücke-in-der-Leineaue-Stöcken
Wasserzeichen;Fösse
Wasserzeichen;Hirtenbach
Wasserzeichen;Ihme
Wasserzeichen;Leine-bei-Marienwerder
Wasserzeichen;Mittellandkanal-Trogbrücke
Wasserzeichen;Stöckener-Bach
Wasserzeichen;Wasserhochbehälter-Heisterberg
Grüner-Ring;Wietze-Flemmingsche-Tonkuhle
Wietze-Flemmingsche-Tonkuhle;Agrarformen-des-19.-Jahrhunderts
Wietze-Flemmingsche-Tonkuhle;Alter-Postweg
Wietze-Flemmingsche-Tonkuhle;Bauernhaus-Museum-Isernhagen
Wietze-Flemmingsche-Tonkuhle;Bäder-auf-dem-Weg
Wietze-Flemmingsche-Tonkuhle;Die-Flemmingsche-Tonkuhle
Wietze-Flemmingsche-Tonkuhle;Eichen
Wietze-Flemmingsche-Tonkuhle;Isernhagen
Wietze-Flemmingsche-Tonkuhle;Marienkirche
Wietze-Flemmingsche-Tonkuhle;Wietzeblick-und-Wietzepark
Radfahren;Kulturroute
Radfahren;Mit-dem-Fahrrad-zu-den-Klöstern
Radfahren;Nordhannoversche-Moorroute
Radfahren;Radeln-am-Mittellandkanal
Radfahren;Sommerradtouren
Sommerradtouren;Vorschläge-für-Radtouren-durch-die-Region-Hannover
Vorschläge-für-Radtouren-durch-die-Region-Hannover;Auf-den-Spuren-der-Welfen
Vorschläge-für-Radtouren-durch-die-Region-Hannover;Entlang-der-Wasserzeichen-durch-den-Norden-der-Region
Vorschläge-für-Radtouren-durch-die-Region-Hannover;Garten-Tour-durch-Hannover
Vorschläge-für-Radtouren-durch-die-Region-Hannover;Lehrte
Vorschläge-für-Radtouren-durch-die-Region-Hannover;Moor-Route-ans-Steinhuder-Meer
Vorschläge-für-Radtouren-durch-die-Region-Hannover;Vom-Bahnhof-Bissendorf-nach-Hannover
Vorschläge-für-Radtouren-durch-die-Region-Hannover;Vom-Bahnhof-Großburgwedel-zum-Altwarmbüchener-See
Vorschläge-für-Radtouren-durch-die-Region-Hannover;Von-Bantorf-zur-Kalihalde-in-Empelde
Vorschläge-für-Radtouren-durch-die-Region-Hannover;Von-Hannover-nach-Burgdorf-Otze
Vorschläge-für-Radtouren-durch-die-Region-Hannover;Von-Seelze-nach-Hannover
Naherholung;Natur-verstehen
Natur-verstehen;Erlebnispfade
Natur-verstehen;Hannover-zum-Hören
Natur-verstehen;Naturlernorte
Naturlernorte;Kinderwald-Hannover
Naturlernorte;Schulbiologiezentrum-Hannover
Naturlernorte;Waldstation-Eilenriede
Waldstation-Eilenriede;Aktuelles-Veranstaltungen
Waldstation-Eilenriede;Anfahrt-und-Öffnungszeiten
Waldstation-Eilenriede;Audioguide
Waldstation-Eilenriede;Das-Wald-Hochhaus
Waldstation-Eilenriede;Die-Eilenriede
Waldstation-Eilenriede;Freiwilliges-Ökologisches-Jahr
Waldstation-Eilenriede;Führungen
Waldstation-Eilenriede;Über-uns
Naturlernorte;Ökologische-Schutzstation-Steinhuder-Meer-e.V.-ÖSSM
Naturlernorte;Ökologische-Station-Mittleres-Leinetal-ÖSML
