Keywords,Haeufigkeit
Mobilität,2911
Tests,2764
Fahrberichte,1109
Autotests,621
SUV,152
Mercedes-Benz-Modelle,115
Sportwagen,108
Elektroautos,103
BMW-Modelle,91
VW-Modelle,90
Kleinwagen,75
Motorräder,71
Limousine,69
IAA 2007,65
Kompaktwagen,61
Geländewagen,60
Alternative Antriebe,53
Ford-Modelle,53
Toyota-Modelle,45
Hyundai-Modelle,44
Opel-Modelle,44
Porsche-Modelle,44
Audi-Modelle,41
Renault-Modelle,39
Umweltfreundliche Fahrzeuge,39
Nissan-Modelle,38
BMW,37
Kia,35
Pariser Autosalon,35
Cabrio/Roadster,34
Genfer Auto-Salon,34
Peugeot-Modelle,34
Schräglage,34
Autodesign,31
Chevrolet,31
Hybridfahrzeuge,31
Fahrräder,29
Van/Kleinbus,29
Citroën-Modelle,28
Lexus-Modelle,28
Skoda-Modelle,27
Subaru,27
Volkswagen,27
Mitsubishi-Modelle,25
Suzuki-Modelle,25
Cadillac,24
Volvo-Modelle,24
Honda-Modelle,23
Lexus,23
Fiat-Modelle,22
Altmetall,21
Mazda-Modelle,21
Jaguar-Modelle,20
Land Rover,20
Plug-in-Hybrid,18
Autotests im Video,17
Bentley,17
Mini-Modelle,17
Porsche,17
Ratgeber Rad,17
Seat-Modelle,17
Toyota,16
Coupé,15
Autoklassiker,13
Jeep,13
Opel,13
Dacia-Modelle,12
Detroit Auto Show,12
E-Bikes,12
Ford Mondeo,12
McLaren,12
Honda,11
Mobilität der Zukunft,11
Rolls-Royce-Modelle,11
Autoindustrie,10
Ford Focus,10
Lancia,10
Audi,9
Fahrzeugtuning,9
Kraftstoffe,9
Skoda,9
Smart,9
Ferrari-Modelle,8
General Motors,8
VW Golf,8
Auto-Raritäten,7
IAA 2011,7
Nissan,7
Autonomes Fahren,6
Dacia,6
Ducati,6
Ford,6
Lada,6
Lamborghini,6
Maserati,6
VW Bus,6
BMW Motorräder,5
Camping,5
Chrysler-Modelle,5
Fiat,5
Gebrauchtwagen,5
Kombiwagen,5
Lotus Cars,5
Peugeot Citroën,5
Tesla,5
BMW 3er,4
Ferdinand Piëch,4
Fiat Chrysler Automobiles (FCA),4
Ford Fiesta,4
Harley-Davidson,4
Hyundai,4
IAA 2009,4
Kleinstwagen,4
Mobilität: Videos,4
Motorroller,4
Oldtimer,4
Oldtimer-Schnäppchen,4
Porsche 911,4
Renault,4
Rolls-Royce,4
Suzuki,4
Aston-Martin-Modelle,3
Bosch,3
Daimler AG,3
Fahrzeugtechnik,3
Ferdinand Alexander Porsche,3
Ferdinand Porsche,3
Ferrari,3
Mazda,3
Peru,3
Prototypen im Test,3
Spritsparend und umweltschonend,3
Tests und Empfehlungen,3
Wolfgang Porsche,3
Abgasaffäre bei Volkswagen,2
Alfa Romeo,2
Carsharing,2
Chrysler,2
Corvette,2
Daewoo,2
Dodge-Modelle,2
Erdgas,2
Fahrtenbuch,2
IAA 2015,2
Jaguar,2
Kfz-Sicherheit,2
Luxusartikel,2
Martin Winterkorn,2
Mercedes E-Klasse,2
Mitsubishi,2
Mobilität von morgen,2
Nutzfahrzeuge,2
Opel Astra,2
Rund ums Rad,2
Rupert Stadler,2
Seat,2
Straßenverkehr,2
Tschechien,2
VW Golf VII,2
Volvo,2
Yamaha,2
ADAC,1
Airbus A380,1
Apple,1
Argentinien,1
Asien,1
Audi A3,1
Audi A4,1
Auto,1
Autokauf,1
BMW 5er,1
Benzinbücher,1
Bonuszahlungen,1
Continental,1
Daimler,1
DaimlerChrysler,1
Diesel,1
Dieter Zetsche,1
Dodge,1
Dritte Welt,1
Dubai,1
E-Scooter,1
Elektroauto,1
Elektromobilität,1
Elon Musk,1
Erneuerbare Energien,1
Familienreisen,1
Formel 1,1
Frankreich,1
Google,1
Hallo,1
Honda Motorräder,1
IAA 2013,1
IAA 2017,1
Ibiza,1
Italien,1
Jahresrückblick 2016,1
Janis Joplin,1
Japan,1
Krise der Autoindustrie 2008/09,1
LA Auto Show,1
Lena Meyer-Landrut,1
London,1
Los Angeles,1
MG Rover Group,1
Maybach,1
Mercedes A-Klasse,1
Mercedes C-Klasse,1
Mercedes S-Klasse,1
Mietwagen,1
Motorsport,1
Nachhaltigkeit,1
Nicaragua,1
Nicolas Hayek,1
Nürburgring,1
Ostalgie,1
PS-Basar,1
Radel verpflichtet,1
Schönes Ding - die skurrilsten Auto-Designstudien,1
Spurwechsel,1
Südamerika,1
Taiwan,1
Tata,1
Taxi!,1
Taxis,1
Team Lotus,1
Tennessee,1
Tokio Motor Show,1
Tuning,1
VW Käfer,1
Volksrepublik China,1
Volvo Ocean Race,1
Wasserstoff,1
Wohnmobile,1
Österreich,1
