Dokumentenart;Broschüre
Broschüre;Bereich Forsten, Landschaftsräume und Naturschutz1
Broschüre;Bereich Forsten, Landschaftsräume und Naturschutz1
Broschüre;Fachbereich Umwelt und Stadtgrün/Leibniz Universität Hannover1
Broschüre;Waldstation Eilenriede1
Broschüre;Umweltkommunikation1
Dokumentenart;Flyer
Flyer; Fachbereich Umwelt und Stadtgrün/Fachbereich Planung und Raumordnung2
Flyer; Bereich Forsten, Landschaftsräume und Naturschutz2
Flyer; Waldstation Eilenriede2
Flyer; Waldstation Eilenriede2
Flyer; Fachbereich Umwelt und Stadtgrün2
Dokumentenart;Karte
Karte;Autor unbekannt3
Karte;Fachbereich Umwelt und Stadtgrün3
Karte;Fachbereich Umwelt und Stadtgrün 3
Dokumentenart;Tafel
Tafel;Autor unbekannt4
Dokumentenart;Veröffentlichung
Veröffentlichung;  Autor unbekannt5
Veröffentlichung;  Autor unbekannt5
Veröffentlichung;  Waldstation Eilenriede5
Veröffentlichung;  Fachbereich Umwelt und Stadtgrün 5
Veröffentlichung;  Autor unbekannt5
Dokumentenart;Website
Website;Wälder und Forsten 6
Website;Wälder und Forsten 6
Website;Fachbereich Umwelt und Stadtgrün/Fachbereich Planung und Raumordnung 6
Website;Autor unbekannt 6
Website;Wälder und Forsten 6
Website;Fachbereich Umwelt und Stadtgrün 6
Website;Autor unbekannt 6
Website;Geschäftsstelle Eilenriedebeirat  6
Website;Geschäftsstelle Eilenriedebeirat  6
Website;Autor unbekannt 6
Website;Autor unbekannt 6
Website;Autor unbekannt 6
Website;Autor unbekannt 6
Website;Autor unbekannt 6
Website;Autor unbekannt 6
Website;Autor unbekannt 6
Website;Autor unbekannt 6
Website;Autor unbekannt 6
Website;Umweltkommunikation6 
Website;Autor unbekannt 6
Website;Fachbereich Umwelt und Stadtgrün  6
Website;67.71 - Betriebliche Aufgaben 6
Website;Bereich Forsten, Landschaftsräume und Naturschutz 6
