Themen;Stadtwald
Stadtwald;Wälder und Forsten1
Stadtwald;Wälder und Forsten1
Stadtwald;Bereich Forsten, Landschaftsräume und Naturschutz1
Stadtwald;Fachbereich Umwelt und Stadtgrün, Region Hannover: Fachbereich Planung und Raumordnung1
Stadtwald;Fachbereich Umwelt und Stadtgrün, Region Hannover: Fachbereich Planung und Raumordnung1
Themen;Orientierung im Wald
Orientierung im Wald;Autor unbekannt2
Orientierung im Wald;Bereich Forsten, Landschaftsräume und Naturschutz2
Orientierung im Wald;Wälder und Forsten2
Themen;Historie
Historie;Fachbereich Umwelt und Stadtgrün3
Historie;Autor unbekannt3
Historie;Autor unbekannt3
Historie;Bereich Forsten, Landschaftsräume und Naturschutz3
Themen;Eilenriedebeirat
Eilenriedebeirat;Geschäftsstelle Eilenriedebeirat 4
Eilenriedebeirat;Geschäftsstelle Eilenriedebeirat 4
Eilenriedebeirat;Fachbereich Umwelt und Stadtgrün, Gottfried Wilhelm Leibniz Univesität Hannover: Institut für Landschaftsarchitektur (ILA)4
Eilenriedebeirat;Autor unbekannt8
Eilenriedebeirat;Autor unbekannt8
Themen;Waldstation
Waldstation;Autor unbekannt4
Waldstation;Waldstation Eilenriede4
Waldstation;Autor unbekannt4
Waldstation;Waldstation Eilenriede4
Waldstation;Waldstation Eilenriede4
Waldstation;Autor unbekannt4
Waldstation;Autor unbekannt4
Waldstation;Autor unbekannt4
Waldstation;Autor unbekannt4
Waldstation;Waldstation Eilenriede4
Waldstation;Autor unbekannt4
Themen;Sport und Bewegung
Sport und Bewegung;Autor unbekannt5
Sport und Bewegung;Fachbereich Umwelt und Stadtgrün5
Sport und Bewegung;Autor unbekannt5
Sport und Bewegung;Autor unbekannt5
Sport und Bewegung;Fachbereich Umwelt und Stadtgrün5
Sport und Bewegung;Umweltkommunikation5
Sport und Bewegung;Fachbereich Umwelt und Stadtgrün5
Sport und Bewegung;Autor unbekannt5
Sport und Bewegung;Fachbereich Umwelt und Stadtgrün5
Themen;Forstwirtschaft
Forstwirtschaft;Fachbereich Umwelt und Stadtgrün6
Forstwirtschaft;67.71 - Betriebliche Aufgaben6
Forstwirtschaft;Autor unbekannt6
Forstwirtschaft;Bereich Forsten, Landschaftsräume und Naturschutz6
Themen;Sonstige
Sonstige;Umweltkommunikation7
