antenna_kathrein_730360;https://www.bbrc.ru/upload/iblock/278/1f263293_ef5f_11e5_80c2_0cc47a1244c5_4ce0eb30_84ff_11e8_80d8_0cc47a1243ef.pdf
antenna_kathrein_737547;https://www.bbrc.ru/upload/iblock/c26/a53ac1f8_9b59_11e5_80c0_0cc47a20197c_4ce0eb39_84ff_11e8_80d8_0cc47a1243ef.pdf
antenna_kathrein_739099;https://www.bbrc.ru/upload/iblock/1ca/ab394891_9b59_11e5_80c0_0cc47a20197c_52f82583_84ff_11e8_80d8_0cc47a1243ef.pdf
antenna_kathrein_739489;https://www.bbrc.ru/upload/iblock/090/776fa1a9_c8c4_11e5_80c4_0cc47a20197c_52f82584_84ff_11e8_80d8_0cc47a1243ef.pdf
antenna_kathrein_739494;https://www.bbrc.ru/upload/iblock/a8e/a53ac1f6_9b59_11e5_80c0_0cc47a20197c_52f82585_84ff_11e8_80d8_0cc47a1243ef.pdf
antenna_kathrein_739495;https://www.bbrc.ru/upload/iblock/1c7/ab394889_9b59_11e5_80c0_0cc47a20197c_52f82586_84ff_11e8_80d8_0cc47a1243ef.pdf
antenna_kathrein_739496;https://www.bbrc.ru/upload/iblock/a50/a53ac1f7_9b59_11e5_80c0_0cc47a20197c_52f82587_84ff_11e8_80d8_0cc47a1243ef.pdf
antenna_kathrein_739498;https://www.bbrc.ru/upload/iblock/dd1/aa8ebaac_c8c2_11e5_80c4_0cc47a20197c_52f82588_84ff_11e8_80d8_0cc47a1243ef.pdf
antenna_kathrein_739623;https://www.bbrc.ru/upload/iblock/afa/a53ac1f5_9b59_11e5_80c0_0cc47a20197c_52f82589_84ff_11e8_80d8_0cc47a1243ef.pdf
antenna_kathrein_739624;https://www.bbrc.ru/upload/iblock/a9d/ab39489a_9b59_11e5_80c0_0cc47a20197c_52f8258a_84ff_11e8_80d8_0cc47a1243ef.pdf
antenna_kathrein_739630;https://www.bbrc.ru/upload/iblock/8e9/ab39488e_9b59_11e5_80c0_0cc47a20197c_52f8258b_84ff_11e8_80d8_0cc47a1243ef.pdf
antenna_kathrein_739650;https://www.bbrc.ru/upload/iblock/4f9/ab394883_9b59_11e5_80c0_0cc47a20197c_52f8258c_84ff_11e8_80d8_0cc47a1243ef.pdf
antenna_kathrein_739707;https://www.bbrc.ru/upload/iblock/e45/ab39488a_9b59_11e5_80c0_0cc47a20197c_52f8258d_84ff_11e8_80d8_0cc47a1243ef.pdf
antenna_kathrein_741322;https://www.bbrc.ru/upload/iblock/8e8/7c1e594d_c8c2_11e5_80c4_0cc47a20197c_52f8258e_84ff_11e8_80d8_0cc47a1243ef.pdf
antenna_kathrein_741336;https://www.bbrc.ru/upload/iblock/fdc/95d9115e_c9ae_11e5_80c4_0cc47a20197c_52f8258f_84ff_11e8_80d8_0cc47a1243ef.pdf
antenna_kathrein_741516;https://www.bbrc.ru/upload/iblock/fd8/ab394885_9b59_11e5_80c0_0cc47a20197c_591b4b82_84ff_11e8_80d8_0cc47a1243ef.pdf
antenna_kathrein_741518;https://www.bbrc.ru/upload/iblock/57c/ab394898_9b59_11e5_80c0_0cc47a20197c_591b4b83_84ff_11e8_80d8_0cc47a1243ef.pdf
antenna_kathrein_741785;https://www.bbrc.ru/upload/iblock/107/7c3b445c_c8c3_11e5_80c4_0cc47a20197c_591b4b86_84ff_11e8_80d8_0cc47a1243ef.pdf
antenna_kathrein_741989v01_xpol_panel;https://www.bbrc.ru/upload/iblock/4d0/9324f76d_9b59_11e5_80c0_0cc47a20197c_591b4b88_84ff_11e8_80d8_0cc47a1243ef.pdf
antenna_kathrein_741990v01_xpol_panel;https://www.bbrc.ru/upload/iblock/8b7/9324f76e_9b59_11e5_80c0_0cc47a20197c_591b4b89_84ff_11e8_80d8_0cc47a1243ef.pdf
antenna_kathrein_742196v01_xpol_panel;https://www.bbrc.ru/upload/iblock/19e/9324f76f_9b59_11e5_80c0_0cc47a20197c_591b4b8c_84ff_11e8_80d8_0cc47a1243ef.pdf
antenna_kathrein_742211;https://www.bbrc.ru/upload/iblock/075/ab394884_9b59_11e5_80c0_0cc47a20197c_591b4b8d_84ff_11e8_80d8_0cc47a1243ef.pdf
antenna_kathrein_742213;https://www.bbrc.ru/upload/iblock/297/9324f771_9b59_11e5_80c0_0cc47a20197c_591b4b8f_84ff_11e8_80d8_0cc47a1243ef.pdf
antenna_kathrein_742213v01_xpol_panel;https://www.bbrc.ru/upload/iblock/d07/9324f770_9b59_11e5_80c0_0cc47a20197c_591b4b8e_84ff_11e8_80d8_0cc47a1243ef.pdf
antenna_kathrein_742215_cs7276111;https://www.bbrc.ru/upload/iblock/e27/9324f773_9b59_11e5_80c0_0cc47a20197c_591b4b90_84ff_11e8_80d8_0cc47a1243ef.pdf
antenna_kathrein_742215v01_xpol_panel;https://www.bbrc.ru/upload/iblock/f59/9324f772_9b59_11e5_80c0_0cc47a20197c_591b4b91_84ff_11e8_80d8_0cc47a1243ef.pdf
antenna_kathrein_742218v01_xpol_panel;https://www.bbrc.ru/upload/iblock/45a/9324f774_9b59_11e5_80c0_0cc47a20197c_5f4cbf92_84ff_11e8_80d8_0cc47a1243ef.pdf
antenna_kathrein_742222v01_xxpol_panel;https://www.bbrc.ru/upload/iblock/851/992f6828_9b59_11e5_80c0_0cc47a20197c_5f4cbf93_84ff_11e8_80d8_0cc47a1243ef.pdf
antenna_kathrein_742223;https://www.bbrc.ru/upload/iblock/d5e/992f682a_9b59_11e5_80c0_0cc47a20197c_5f4cbf95_84ff_11e8_80d8_0cc47a1243ef.pdf
antenna_kathrein_742223v02_xxpol_panel;https://www.bbrc.ru/upload/iblock/b54/992f6829_9b59_11e5_80c0_0cc47a20197c_5f4cbf94_84ff_11e8_80d8_0cc47a1243ef.pdf
antenna_kathrein_742224v02_xxpol_panel;https://www.bbrc.ru/upload/iblock/3e7/992f682b_9b59_11e5_80c0_0cc47a20197c_5f4cbf96_84ff_11e8_80d8_0cc47a1243ef.pdf
antenna_kathrein_742225v02_xxpol_panel;https://www.bbrc.ru/upload/iblock/1f5/992f682c_9b59_11e5_80c0_0cc47a20197c_5f4cbf97_84ff_11e8_80d8_0cc47a1243ef.pdf
antenna_kathrein_742226v01_xxpol_panel;https://www.bbrc.ru/upload/iblock/63e/992f682d_9b59_11e5_80c0_0cc47a20197c_5f4cbf98_84ff_11e8_80d8_0cc47a1243ef.pdf
antenna_kathrein_742236;https://www.bbrc.ru/upload/iblock/ec8/992f682f_9b59_11e5_80c0_0cc47a20197c_5f4cbf9a_84ff_11e8_80d8_0cc47a1243ef.pdf
antenna_kathrein_742236v01_xxpol_panel;https://www.bbrc.ru/upload/iblock/585/992f682e_9b59_11e5_80c0_0cc47a20197c_5f4cbf99_84ff_11e8_80d8_0cc47a1243ef.pdf
antenna_kathrein_742237_xxpol_panel;https://www.bbrc.ru/upload/iblock/f2f/992f6830_9b59_11e5_80c0_0cc47a20197c_5f4cbf9b_84ff_11e8_80d8_0cc47a1243ef.pdf
antenna_kathrein_742242;https://www.bbrc.ru/upload/iblock/51a/ab394897_9b59_11e5_80c0_0cc47a20197c_5f4cbf9c_84ff_11e8_80d8_0cc47a1243ef.pdf
antenna_kathrein_742264;https://www.bbrc.ru/upload/iblock/c56/992f6832_9b59_11e5_80c0_0cc47a20197c_658a1f55_84ff_11e8_80d8_0cc47a1243ef.pdf
antenna_kathrein_742264v02_xxpol_panel;https://www.bbrc.ru/upload/iblock/893/992f6831_9b59_11e5_80c0_0cc47a20197c_5f4cbf9d_84ff_11e8_80d8_0cc47a1243ef.pdf
antenna_kathrein_742265;https://www.bbrc.ru/upload/iblock/caf/992f6834_9b59_11e5_80c0_0cc47a20197c_658a1f57_84ff_11e8_80d8_0cc47a1243ef.pdf
antenna_kathrein_742265v02_xxpol_panel;https://www.bbrc.ru/upload/iblock/4d2/992f6833_9b59_11e5_80c0_0cc47a20197c_658a1f56_84ff_11e8_80d8_0cc47a1243ef.pdf
antenna_kathrein_742266v02_xxpol_panel;https://www.bbrc.ru/upload/iblock/bce/992f6835_9b59_11e5_80c0_0cc47a20197c_658a1f58_84ff_11e8_80d8_0cc47a1243ef.pdf
antenna_kathrein_742270;https://www.bbrc.ru/upload/iblock/6ac/9f3050ea_9b59_11e5_80c0_0cc47a20197c_658a1f5a_84ff_11e8_80d8_0cc47a1243ef.pdf
antenna_kathrein_742270v03_xxxpol_panel;https://www.bbrc.ru/upload/iblock/b51/9f3050e9_9b59_11e5_80c0_0cc47a20197c_658a1f59_84ff_11e8_80d8_0cc47a1243ef.pdf
antenna_kathrein_742271;https://www.bbrc.ru/upload/iblock/2f8/9f3050ec_9b59_11e5_80c0_0cc47a20197c_658a1f5c_84ff_11e8_80d8_0cc47a1243ef.pdf
antenna_kathrein_742271v03_xxxpol_panel;https://www.bbrc.ru/upload/iblock/e7e/9f3050eb_9b59_11e5_80c0_0cc47a20197c_658a1f5b_84ff_11e8_80d8_0cc47a1243ef.pdf
antenna_kathrein_742290_vvpol_panel;https://www.bbrc.ru/upload/iblock/bb1/9324f769_9b59_11e5_80c0_0cc47a20197c_658a1f5e_84ff_11e8_80d8_0cc47a1243ef.pdf
antenna_kathrein_742351v01_xpol_panel;https://www.bbrc.ru/upload/iblock/80b/9324f775_9b59_11e5_80c0_0cc47a20197c_658a1f5f_84ff_11e8_80d8_0cc47a1243ef.pdf
antenna_kathrein_742352v01_xxpol_panel;https://www.bbrc.ru/upload/iblock/017/992f6836_9b59_11e5_80c0_0cc47a20197c_6bcea61a_84ff_11e8_80d8_0cc47a1243ef.pdf
antenna_kathrein_80010046v01_vvpol_panel;https://www.bbrc.ru/upload/iblock/64c/9324f76a_9b59_11e5_80c0_0cc47a20197c_6bcea61c_84ff_11e8_80d8_0cc47a1243ef.pdf
antenna_kathrein_80010121v01_xxpol_panel;https://www.bbrc.ru/upload/iblock/7a2/992f6837_9b59_11e5_80c0_0cc47a20197c_6bcea61e_84ff_11e8_80d8_0cc47a1243ef.pdf
antenna_kathrein_80010122v01_xxpol_panel;https://www.bbrc.ru/upload/iblock/4be/992f6838_9b59_11e5_80c0_0cc47a20197c_6bcea61f_84ff_11e8_80d8_0cc47a1243ef.pdf
antenna_kathrein_80010123v03_xxpol_panel;https://www.bbrc.ru/upload/iblock/ca3/992f6839_9b59_11e5_80c0_0cc47a20197c_6bcea620_84ff_11e8_80d8_0cc47a1243ef.pdf
antenna_kathrein_80010203;https://www.bbrc.ru/upload/iblock/afd/ab39488d_9b59_11e5_80c0_0cc47a20197c_6bcea623_84ff_11e8_80d8_0cc47a1243ef.pdf
antenna_kathrein_80010213;https://www.bbrc.ru/upload/iblock/cf5/a53ac1f9_9b59_11e5_80c0_0cc47a20197c_6bcea624_84ff_11e8_80d8_0cc47a1243ef.pdf
antenna_kathrein_80010217v01;https://www.bbrc.ru/upload/iblock/765/a5cf18f3_ca55_11e5_80c4_0cc47a20197c_6bcea625_84ff_11e8_80d8_0cc47a1243ef.pdf
antenna_kathrein_80010290v02_xxxpol_panel;https://www.bbrc.ru/upload/iblock/bd0/9f3050ee_9b59_11e5_80c0_0cc47a20197c_71e842c0_84ff_11e8_80d8_0cc47a1243ef.pdf
antenna_kathrein_80010291v02_xxxpol_panel;https://www.bbrc.ru/upload/iblock/e0d/9f3050ef_9b59_11e5_80c0_0cc47a20197c_71e842c1_84ff_11e8_80d8_0cc47a1243ef.pdf
antenna_kathrein_80010292v03_xxxpol_panel;https://www.bbrc.ru/upload/iblock/5bf/9f3050f0_9b59_11e5_80c0_0cc47a20197c_71e842c2_84ff_11e8_80d8_0cc47a1243ef.pdf
antenna_kathrein_80010294;https://www.bbrc.ru/upload/iblock/ae2/ab394892_9b59_11e5_80c0_0cc47a20197c_71e842c3_84ff_11e8_80d8_0cc47a1243ef.pdf
antenna_kathrein_80010302;https://www.bbrc.ru/upload/iblock/9af/cfc4d406_c8c4_11e5_80c4_0cc47a20197c_71e842c4_84ff_11e8_80d8_0cc47a1243ef.pdf
antenna_kathrein_80010303v02_xpol_panel;https://www.bbrc.ru/upload/iblock/741/9324f776_9b59_11e5_80c0_0cc47a20197c_71e842c5_84ff_11e8_80d8_0cc47a1243ef.pdf
antenna_kathrein_80010305v02_xpol_panel;https://www.bbrc.ru/upload/iblock/42e/9324f777_9b59_11e5_80c0_0cc47a20197c_71e842c6_84ff_11e8_80d8_0cc47a1243ef.pdf
antenna_kathrein_80010306v02_xpol_panel;https://www.bbrc.ru/upload/iblock/fbc/9324f778_9b59_11e5_80c0_0cc47a20197c_71e842c7_84ff_11e8_80d8_0cc47a1243ef.pdf
antenna_kathrein_80010308v01_xpol_panel;https://www.bbrc.ru/upload/iblock/54d/9324f779_9b59_11e5_80c0_0cc47a20197c_71e842c8_84ff_11e8_80d8_0cc47a1243ef.pdf
antenna_kathrein_80010309v01_xpol_panel;https://www.bbrc.ru/upload/iblock/3d3/9324f77a_9b59_11e5_80c0_0cc47a20197c_71e842c9_84ff_11e8_80d8_0cc47a1243ef.pdf
antenna_kathrein_80010310v01_xpol_panel;https://www.bbrc.ru/upload/iblock/2f2/992f6813_9b59_11e5_80c0_0cc47a20197c_71e842ca_84ff_11e8_80d8_0cc47a1243ef.pdf
antenna_kathrein_80010368_vpol_panel;https://www.bbrc.ru/upload/iblock/a1f/9324f765_9b59_11e5_80c0_0cc47a20197c_71e842cc_84ff_11e8_80d8_0cc47a1243ef.pdf
antenna_kathrein_80010378_xpol_panel;https://www.bbrc.ru/upload/iblock/139/992f6814_9b59_11e5_80c0_0cc47a20197c_71e842cd_84ff_11e8_80d8_0cc47a1243ef.pdf
antenna_kathrein_80010425v01_xpol_panel;https://www.bbrc.ru/upload/iblock/f0f/992f6815_9b59_11e5_80c0_0cc47a20197c_71e842ce_84ff_11e8_80d8_0cc47a1243ef.pdf
antenna_kathrein_80010428;https://www.bbrc.ru/upload/iblock/87e/ab394895_9b59_11e5_80c0_0cc47a20197c_71e842cf_84ff_11e8_80d8_0cc47a1243ef.pdf
antenna_kathrein_80010485v01_xxpol_panel;https://www.bbrc.ru/upload/iblock/f88/992f683a_9b59_11e5_80c0_0cc47a20197c_7801df69_84ff_11e8_80d8_0cc47a1243ef.pdf
antenna_kathrein_80010504v01_xpol_panel;https://www.bbrc.ru/upload/iblock/eb4/992f6817_9b59_11e5_80c0_0cc47a20197c_7801df6b_84ff_11e8_80d8_0cc47a1243ef.pdf
antenna_kathrein_80010510v01_xxpol_panel;https://www.bbrc.ru/upload/iblock/ff0/992f683c_9b59_11e5_80c0_0cc47a20197c_7801df6c_84ff_11e8_80d8_0cc47a1243ef.pdf
antenna_kathrein_80010516v01_xxpol_panel;https://www.bbrc.ru/upload/iblock/a0c/992f683d_9b59_11e5_80c0_0cc47a20197c_7801df6d_84ff_11e8_80d8_0cc47a1243ef.pdf
antenna_kathrein_80010517v01_xxpol_panel;https://www.bbrc.ru/upload/iblock/b30/992f683e_9b59_11e5_80c0_0cc47a20197c_7801df6e_84ff_11e8_80d8_0cc47a1243ef.pdf
antenna_kathrein_80010605_xxpol_panel;https://www.bbrc.ru/upload/iblock/d5a/992f683f_9b59_11e5_80c0_0cc47a20197c_7801df6f_84ff_11e8_80d8_0cc47a1243ef.pdf
antenna_kathrein_80010606v01_xxpol_panel;https://www.bbrc.ru/upload/iblock/0fc/992f6840_9b59_11e5_80c0_0cc47a20197c_7801df70_84ff_11e8_80d8_0cc47a1243ef.pdf
antenna_kathrein_80010618_xpol_panel_irt;https://www.bbrc.ru/upload/iblock/38a/992f6826_9b59_11e5_80c0_0cc47a20197c_7801df71_84ff_11e8_80d8_0cc47a1243ef.pdf
antenna_kathrein_80010621v02_xpol_panel;https://www.bbrc.ru/upload/iblock/a8a/992f6818_9b59_11e5_80c0_0cc47a20197c_7801df72_84ff_11e8_80d8_0cc47a1243ef.pdf
antenna_kathrein_80010622;https://www.bbrc.ru/upload/iblock/57b/992f6842_9b59_11e5_80c0_0cc47a20197c_7801df74_84ff_11e8_80d8_0cc47a1243ef.pdf
antenna_kathrein_80010622v01_xxpol_panel;https://www.bbrc.ru/upload/iblock/d75/992f6841_9b59_11e5_80c0_0cc47a20197c_7801df73_84ff_11e8_80d8_0cc47a1243ef.pdf
antenna_kathrein_80010634v01_xpol_panel;https://www.bbrc.ru/upload/iblock/770/992f6819_9b59_11e5_80c0_0cc47a20197c_7801df75_84ff_11e8_80d8_0cc47a1243ef.pdf
antenna_kathrein_80010642_xpol_panel;https://www.bbrc.ru/upload/iblock/65c/992f681a_9b59_11e5_80c0_0cc47a20197c_7e16b764_84ff_11e8_80d8_0cc47a1243ef.pdf
antenna_kathrein_80010643_xpol_panel;https://www.bbrc.ru/upload/iblock/66f/992f681b_9b59_11e5_80c0_0cc47a20197c_7e16b765_84ff_11e8_80d8_0cc47a1243ef.pdf
antenna_kathrein_80010644;https://www.bbrc.ru/upload/iblock/463/992f681d_9b59_11e5_80c0_0cc47a20197c_7e16b767_84ff_11e8_80d8_0cc47a1243ef.pdf
antenna_kathrein_80010644v01_xpol_panel;https://www.bbrc.ru/upload/iblock/860/992f681c_9b59_11e5_80c0_0cc47a20197c_7e16b766_84ff_11e8_80d8_0cc47a1243ef.pdf
antenna_kathrein_80010647v01_xxpol_panel;https://www.bbrc.ru/upload/iblock/34f/992f6843_9b59_11e5_80c0_0cc47a20197c_7e16b768_84ff_11e8_80d8_0cc47a1243ef.pdf
antenna_kathrein_80010651_xpol_panel;https://www.bbrc.ru/upload/iblock/596/992f681e_9b59_11e5_80c0_0cc47a20197c_7e16b769_84ff_11e8_80d8_0cc47a1243ef.pdf
antenna_kathrein_80010652_xxpol_panel;https://www.bbrc.ru/upload/iblock/e73/992f6844_9b59_11e5_80c0_0cc47a20197c_7e16b76a_84ff_11e8_80d8_0cc47a1243ef.pdf
antenna_kathrein_80010664_xxpol_panel;https://www.bbrc.ru/upload/iblock/cb6/992f6845_9b59_11e5_80c0_0cc47a20197c_7e16b76b_84ff_11e8_80d8_0cc47a1243ef.pdf
antenna_kathrein_80010665v01_xxpol_panel;https://www.bbrc.ru/upload/iblock/4e0/992f6846_9b59_11e5_80c0_0cc47a20197c_7e16b76c_84ff_11e8_80d8_0cc47a1243ef.pdf
antenna_kathrein_80010666_xxpol_panel;https://www.bbrc.ru/upload/iblock/c2b/992f6848_9b59_11e5_80c0_0cc47a20197c_7e16b76e_84ff_11e8_80d8_0cc47a1243ef.pdf
antenna_kathrein_80010667_xxpol_panel;https://www.bbrc.ru/upload/iblock/f06/992f6849_9b59_11e5_80c0_0cc47a20197c_7e16b76f_84ff_11e8_80d8_0cc47a1243ef.pdf
antenna_kathrein_80010668_xxpol_panel;https://www.bbrc.ru/upload/iblock/f39/992f684a_9b59_11e5_80c0_0cc47a20197c_7e16b770_84ff_11e8_80d8_0cc47a1243ef.pdf
antenna_kathrein_80010669_xxpol_panel;https://www.bbrc.ru/upload/iblock/e94/992f684b_9b59_11e5_80c0_0cc47a20197c_7e16b771_84ff_11e8_80d8_0cc47a1243ef.pdf
antenna_kathrein_80010674_xxxpol_panel;https://www.bbrc.ru/upload/iblock/9db/9f3050f1_9b59_11e5_80c0_0cc47a20197c_7e16b772_84ff_11e8_80d8_0cc47a1243ef.pdf
antenna_kathrein_80010675v01_xxxpol_panel;https://www.bbrc.ru/upload/iblock/04f/9f3050f2_9b59_11e5_80c0_0cc47a20197c_7e16b773_84ff_11e8_80d8_0cc47a1243ef.pdf
antenna_kathrein_80010676_xxxpol_panel;https://www.bbrc.ru/upload/iblock/096/9f3050f3_9b59_11e5_80c0_0cc47a20197c_84377b0e_84ff_11e8_80d8_0cc47a1243ef.pdf
antenna_kathrein_80010679_xpol_panel;https://www.bbrc.ru/upload/iblock/f03/992f681f_9b59_11e5_80c0_0cc47a20197c_84377b10_84ff_11e8_80d8_0cc47a1243ef.pdf
antenna_kathrein_80010681_xpol_panel;https://www.bbrc.ru/upload/iblock/de5/992f6820_9b59_11e5_80c0_0cc47a20197c_84377b11_84ff_11e8_80d8_0cc47a1243ef.pdf
antenna_kathrein_80010682_xxpol_panel;https://www.bbrc.ru/upload/iblock/341/992f684c_9b59_11e5_80c0_0cc47a20197c_84377b12_84ff_11e8_80d8_0cc47a1243ef.pdf
antenna_kathrein_80010684_4xpol_panel;https://www.bbrc.ru/upload/iblock/032/9f3050fd_9b59_11e5_80c0_0cc47a20197c_84377b13_84ff_11e8_80d8_0cc47a1243ef.pdf
antenna_kathrein_80010685;https://www.bbrc.ru/upload/iblock/8b9/9f3050ff_9b59_11e5_80c0_0cc47a20197c_84377b15_84ff_11e8_80d8_0cc47a1243ef.pdf
antenna_kathrein_80010685v01_4xpol_panel;https://www.bbrc.ru/upload/iblock/18d/9f3050fe_9b59_11e5_80c0_0cc47a20197c_84377b14_84ff_11e8_80d8_0cc47a1243ef.pdf
antenna_kathrein_80010686v01_4xpol_panel;https://www.bbrc.ru/upload/iblock/ba8/9f305100_9b59_11e5_80c0_0cc47a20197c_84377b16_84ff_11e8_80d8_0cc47a1243ef.pdf
antenna_kathrein_80010691v01_xxxpol_panel;https://www.bbrc.ru/upload/iblock/811/9f3050f4_9b59_11e5_80c0_0cc47a20197c_84377b17_84ff_11e8_80d8_0cc47a1243ef.pdf
antenna_kathrein_80010692v01_xxxpol_panel;https://www.bbrc.ru/upload/iblock/b07/9f3050f6_9b59_11e5_80c0_0cc47a20197c_84377b19_84ff_11e8_80d8_0cc47a1243ef.pdf
antenna_kathrein_80010697_xxxpol_panel;https://www.bbrc.ru/upload/iblock/cc3/9f3050f7_9b59_11e5_80c0_0cc47a20197c_84377b1a_84ff_11e8_80d8_0cc47a1243ef.pdf
antenna_kathrein_80010698_xxxpol_panel;https://www.bbrc.ru/upload/iblock/cc1/9f3050f8_9b59_11e5_80c0_0cc47a20197c_8a74dacf_84ff_11e8_80d8_0cc47a1243ef.pdf
antenna_kathrein_80010711_xpol_panel;https://www.bbrc.ru/upload/iblock/a8a/992f6821_9b59_11e5_80c0_0cc47a20197c_8a74dad3_84ff_11e8_80d8_0cc47a1243ef.pdf
antenna_kathrein_80010721v01_xxpol_panel_ircu;https://www.bbrc.ru/upload/iblock/d66/9f3050e4_9b59_11e5_80c0_0cc47a20197c_8a74dad4_84ff_11e8_80d8_0cc47a1243ef.pdf
antenna_kathrein_80010722v01_xxpol_panel_ircu;https://www.bbrc.ru/upload/iblock/1fb/9f3050e5_9b59_11e5_80c0_0cc47a20197c_8a74dad5_84ff_11e8_80d8_0cc47a1243ef.pdf
antenna_kathrein_80010723v01_xxpol_panel_ircu;https://www.bbrc.ru/upload/iblock/2f0/9f3050e6_9b59_11e5_80c0_0cc47a20197c_8a74dad6_84ff_11e8_80d8_0cc47a1243ef.pdf
antenna_kathrein_80010727_xxxpol_panel;https://www.bbrc.ru/upload/iblock/573/9f3050fa_9b59_11e5_80c0_0cc47a20197c_8a74dad7_84ff_11e8_80d8_0cc47a1243ef.pdf
antenna_kathrein_80010728_4xpol_panel;https://www.bbrc.ru/upload/iblock/7c0/9f305101_9b59_11e5_80c0_0cc47a20197c_8a74dad8_84ff_11e8_80d8_0cc47a1243ef.pdf
antenna_kathrein_80010734v01_xpol_panel_ircu;https://www.bbrc.ru/upload/iblock/600/992f6823_9b59_11e5_80c0_0cc47a20197c_8a74dad9_84ff_11e8_80d8_0cc47a1243ef.pdf
antenna_kathrein_80010735v01_xpol_panel_ircu;https://www.bbrc.ru/upload/iblock/507/992f6824_9b59_11e5_80c0_0cc47a20197c_8a74dada_84ff_11e8_80d8_0cc47a1243ef.pdf
antenna_kathrein_80010736v01_xpol_panel_ircu;https://www.bbrc.ru/upload/iblock/0dc/992f6825_9b59_11e5_80c0_0cc47a20197c_8a74dadb_84ff_11e8_80d8_0cc47a1243ef.pdf
antenna_kathrein_80010753_xxpol_panel;https://www.bbrc.ru/upload/iblock/18e/j50z2bsn813gcd1ed8kkuh5qpyl4484z/992f684e_9b59_11e5_80c0_0cc47a20197c_8a74dade_84ff_11e8_80d8_0cc47a1243ef.pdf
antenna_kathrein_80010761_xpol_panel;https://www.bbrc.ru/upload/iblock/160/992f6822_9b59_11e5_80c0_0cc47a20197c_8a74dadf_84ff_11e8_80d8_0cc47a1243ef.pdf
antenna_kathrein_80010764v01_xxpol_panel_ircu;https://www.bbrc.ru/upload/iblock/ed1/9f3050e7_9b59_11e5_80c0_0cc47a20197c_8a74dae0_84ff_11e8_80d8_0cc47a1243ef.pdf
antenna_kathrein_80010765v01_xxpol_panel_ircu;https://www.bbrc.ru/upload/iblock/0f5/9f3050e8_9b59_11e5_80c0_0cc47a20197c_90b49ce8_84ff_11e8_80d8_0cc47a1243ef.pdf
antenna_kathrein_80010766v01_xxpol_panel;https://www.bbrc.ru/upload/iblock/199/992f684f_9b59_11e5_80c0_0cc47a20197c_90b49ce9_84ff_11e8_80d8_0cc47a1243ef.pdf
antenna_kathrein_80010771_xxpol_panel;https://www.bbrc.ru/upload/iblock/ddf/9f3050e0_9b59_11e5_80c0_0cc47a20197c_90b49cea_84ff_11e8_80d8_0cc47a1243ef.pdf
antenna_kathrein_80010772_xxpol_panel;https://www.bbrc.ru/upload/iblock/4cc/9f3050e1_9b59_11e5_80c0_0cc47a20197c_90b49ceb_84ff_11e8_80d8_0cc47a1243ef.pdf
antenna_kathrein_80010804_4xpol_panel;https://www.bbrc.ru/upload/iblock/8fb/9f305102_9b59_11e5_80c0_0cc47a20197c_90b49cec_84ff_11e8_80d8_0cc47a1243ef.pdf
antenna_kathrein_80010816_xxpol_panel;https://www.bbrc.ru/upload/iblock/537/9f3050e2_9b59_11e5_80c0_0cc47a20197c_90b49ced_84ff_11e8_80d8_0cc47a1243ef.pdf
antenna_kathrein_80010817_xxpol_panel;https://www.bbrc.ru/upload/iblock/aa1/9f3050e3_9b59_11e5_80c0_0cc47a20197c_90b49cee_84ff_11e8_80d8_0cc47a1243ef.pdf
antenna_kathrein_80010825_4xpol_panel;https://www.bbrc.ru/upload/iblock/87a/9f305104_9b59_11e5_80c0_0cc47a20197c_90b49cef_84ff_11e8_80d8_0cc47a1243ef.pdf
antenna_kathrein_80010826_4xpol_panel;https://www.bbrc.ru/upload/iblock/e01/9f305105_9b59_11e5_80c0_0cc47a20197c_90b49cf0_84ff_11e8_80d8_0cc47a1243ef.pdf
antenna_kathrein_80010865_xxxpol_panel;https://www.bbrc.ru/upload/iblock/6a3/9f3050fb_9b59_11e5_80c0_0cc47a20197c_90b49cf5_84ff_11e8_80d8_0cc47a1243ef.pdf
antenna_kathrein_80010866_xxxpol_panel;https://www.bbrc.ru/upload/iblock/17b/9f3050fc_9b59_11e5_80c0_0cc47a20197c_90b49cf6_84ff_11e8_80d8_0cc47a1243ef.pdf
antenna_kathrein_80010892v01_5xpol_panel;https://www.bbrc.ru/upload/iblock/9a2/9f305106_9b59_11e5_80c0_0cc47a20197c_96c4b032_84ff_11e8_80d8_0cc47a1243ef.pdf
antenna_kathrein_800_10766;https://www.bbrc.ru/upload/iblock/5b4/b77ee679_c8c3_11e5_80c4_0cc47a20197c_6bcea61b_84ff_11e8_80d8_0cc47a1243ef.pdf
kathrein_80010128_antenna_xpol_panel;https://www.bbrc.ru/upload/iblock/fd0/fd0a21f68a3278a04c544f9bce247b5e.pdf
kathrein_80010805_antenna_xpol_panel;https://www.bbrc.ru/upload/iblock/10f/10fcd9e0d7332035caffcee129cd4d15.pdf
kathrein_80010874_antenna_xpol_panel;https://www.bbrc.ru/upload/iblock/1e6/1e6f29aa59a573427d11b48995cd2c32.pdf
kathrein_80010880_antenna_xpol_panel;https://www.bbrc.ru/upload/iblock/7aa/7aaa4120d055eb7005b0bbac6b712718.pdf
kathrein_80010882_antenna_xpol_panel;https://www.bbrc.ru/upload/iblock/3c0/3c09be61ac7573a29197d8b10c530baa.pdf
kathrein_80010904_antenna_xpol_panel;https://www.bbrc.ru/upload/iblock/f59/f595e8e89274aeceb06f69f8c0947816.pdf
kathrein_80010968_antenna_xpol_panel;https://www.bbrc.ru/upload/iblock/eb2/eb20e800679cb2e7c6f2c27645ed12c4.pdf
