panelnye_antenny;
panelnye_antenny;?PAGEN_1=10
panelnye_antenny;?PAGEN_1=10&set_filter=y
panelnye_antenny;?PAGEN_1=11
panelnye_antenny;?PAGEN_1=11&set_filter=y
panelnye_antenny;?PAGEN_1=12
panelnye_antenny;?PAGEN_1=12&set_filter=y
panelnye_antenny;?PAGEN_1=13
panelnye_antenny;?PAGEN_1=13&set_filter=y
panelnye_antenny;?PAGEN_1=14
panelnye_antenny;?PAGEN_1=14&set_filter=y
panelnye_antenny;?PAGEN_1=15
panelnye_antenny;?PAGEN_1=15&set_filter=y
panelnye_antenny;?PAGEN_1=16
panelnye_antenny;?PAGEN_1=16&set_filter=y
panelnye_antenny;?PAGEN_1=17
panelnye_antenny;?PAGEN_1=17&set_filter=y
panelnye_antenny;?PAGEN_1=18
panelnye_antenny;?PAGEN_1=18&set_filter=y
panelnye_antenny;?PAGEN_1=19
panelnye_antenny;?PAGEN_1=19&set_filter=y
panelnye_antenny;?PAGEN_1=2
panelnye_antenny;?PAGEN_1=2&set_filter=y
panelnye_antenny;?PAGEN_1=20
panelnye_antenny;?PAGEN_1=20&set_filter=y
panelnye_antenny;?PAGEN_1=21
panelnye_antenny;?PAGEN_1=21&set_filter=y
panelnye_antenny;?PAGEN_1=22
panelnye_antenny;?PAGEN_1=22&set_filter=y
panelnye_antenny;?PAGEN_1=23
panelnye_antenny;?PAGEN_1=23&set_filter=y
panelnye_antenny;?PAGEN_1=24
panelnye_antenny;?PAGEN_1=24&set_filter=y
panelnye_antenny;?PAGEN_1=25
panelnye_antenny;?PAGEN_1=25&set_filter=y
panelnye_antenny;?PAGEN_1=26
panelnye_antenny;?PAGEN_1=26&set_filter=y
panelnye_antenny;?PAGEN_1=27
panelnye_antenny;?PAGEN_1=27&set_filter=y
panelnye_antenny;?PAGEN_1=28
panelnye_antenny;?PAGEN_1=28&set_filter=y
panelnye_antenny;?PAGEN_1=29
panelnye_antenny;?PAGEN_1=29&set_filter=y
panelnye_antenny;?PAGEN_1=3
panelnye_antenny;?PAGEN_1=3&set_filter=y
panelnye_antenny;?PAGEN_1=30
panelnye_antenny;?PAGEN_1=30&set_filter=y
panelnye_antenny;?PAGEN_1=31
panelnye_antenny;?PAGEN_1=31&set_filter=y
panelnye_antenny;?PAGEN_1=32
panelnye_antenny;?PAGEN_1=32&set_filter=y
panelnye_antenny;?PAGEN_1=33
panelnye_antenny;?PAGEN_1=33&set_filter=y
panelnye_antenny;?PAGEN_1=34
panelnye_antenny;?PAGEN_1=34&set_filter=y
panelnye_antenny;?PAGEN_1=35
panelnye_antenny;?PAGEN_1=35&set_filter=y
panelnye_antenny;?PAGEN_1=36
panelnye_antenny;?PAGEN_1=36&set_filter=y
panelnye_antenny;?PAGEN_1=37
panelnye_antenny;?PAGEN_1=37&set_filter=y
panelnye_antenny;?PAGEN_1=38
panelnye_antenny;?PAGEN_1=38&set_filter=y
panelnye_antenny;?PAGEN_1=39
panelnye_antenny;?PAGEN_1=39&set_filter=y
panelnye_antenny;?PAGEN_1=4
panelnye_antenny;?PAGEN_1=4&set_filter=y
panelnye_antenny;?PAGEN_1=40
panelnye_antenny;?PAGEN_1=40&set_filter=y
panelnye_antenny;?PAGEN_1=5
panelnye_antenny;?PAGEN_1=5&set_filter=y
panelnye_antenny;?PAGEN_1=6
panelnye_antenny;?PAGEN_1=6&set_filter=y
panelnye_antenny;?PAGEN_1=7
panelnye_antenny;?PAGEN_1=7&set_filter=y
panelnye_antenny;?PAGEN_1=8
panelnye_antenny;?PAGEN_1=8&set_filter=y
panelnye_antenny;?PAGEN_1=9
panelnye_antenny;?PAGEN_1=9&set_filter=y
panelnye_antenny;?set_filter=y
panelnye_antenny;?set_filter=y&PAGEN_1=10
panelnye_antenny;?set_filter=y&PAGEN_1=11
panelnye_antenny;?set_filter=y&PAGEN_1=12
panelnye_antenny;?set_filter=y&PAGEN_1=13
panelnye_antenny;?set_filter=y&PAGEN_1=14
panelnye_antenny;?set_filter=y&PAGEN_1=15
panelnye_antenny;?set_filter=y&PAGEN_1=16
panelnye_antenny;?set_filter=y&PAGEN_1=17
panelnye_antenny;?set_filter=y&PAGEN_1=18
panelnye_antenny;?set_filter=y&PAGEN_1=19
panelnye_antenny;?set_filter=y&PAGEN_1=2
panelnye_antenny;?set_filter=y&PAGEN_1=20
panelnye_antenny;?set_filter=y&PAGEN_1=21
panelnye_antenny;?set_filter=y&PAGEN_1=22
panelnye_antenny;?set_filter=y&PAGEN_1=23
panelnye_antenny;?set_filter=y&PAGEN_1=24
panelnye_antenny;?set_filter=y&PAGEN_1=25
panelnye_antenny;?set_filter=y&PAGEN_1=26
panelnye_antenny;?set_filter=y&PAGEN_1=27
panelnye_antenny;?set_filter=y&PAGEN_1=28
panelnye_antenny;?set_filter=y&PAGEN_1=29
panelnye_antenny;?set_filter=y&PAGEN_1=3
panelnye_antenny;?set_filter=y&PAGEN_1=30
panelnye_antenny;?set_filter=y&PAGEN_1=31
panelnye_antenny;?set_filter=y&PAGEN_1=32
panelnye_antenny;?set_filter=y&PAGEN_1=33
panelnye_antenny;?set_filter=y&PAGEN_1=34
panelnye_antenny;?set_filter=y&PAGEN_1=35
panelnye_antenny;?set_filter=y&PAGEN_1=36
panelnye_antenny;?set_filter=y&PAGEN_1=37
panelnye_antenny;?set_filter=y&PAGEN_1=38
panelnye_antenny;?set_filter=y&PAGEN_1=39
panelnye_antenny;?set_filter=y&PAGEN_1=4
panelnye_antenny;?set_filter=y&PAGEN_1=40
panelnye_antenny;?set_filter=y&PAGEN_1=5
panelnye_antenny;?set_filter=y&PAGEN_1=6
panelnye_antenny;?set_filter=y&PAGEN_1=7
panelnye_antenny;?set_filter=y&PAGEN_1=8
panelnye_antenny;?set_filter=y&PAGEN_1=9
